#,Player,Team,Age,GP,W,L,MIN,PTS,FGM,FGA,FG%,3PM,3PA,3P%,FTM,FTA,FT%,OREB,DREB,REB,AST,TOV,STL,BLK,PF,FP,DD2,TD3,+/-
1,Bradley Beal,WAS,27,44,19,25,35.3,31.0,10.9,22.5,48.5,2.2,6.4,34.4,6.9,7.8,89.4,1.2,3.7,4.8,4.8,3.3,1.2,0.4,2.4,45.3,3,0,-2.6
2,Stephen Curry,GSW,33,46,25,21,34.0,30.4,10.0,20.6,48.5,4.9,11.7,41.6,5.6,6.0,92.4,0.5,5.0,5.5,5.9,3.2,1.3,0.1,1.8,46.9,8,0,2.5
3,Joel Embiid,PHI,27,36,28,8,32.1,29.6,9.3,17.8,52.0,1.1,3.0,38.3,9.9,11.6,85.2,2.1,8.9,11.0,3.1,3.1,1.1,1.5,2.5,51.8,22,0,8.8
4,Giannis Antetokounmpo,MIL,26,45,29,16,34.0,28.8,10.4,18.4,56.5,1.1,3.8,30.2,6.8,9.9,68.7,1.8,9.6,11.4,6.2,3.8,1.1,1.3,2.9,55.3,32,7,7.6
5,Damian Lillard,POR,30,52,29,23,35.9,28.7,8.8,20.1,44.0,4.1,10.8,37.9,6.9,7.5,92.5,0.5,3.7,4.2,7.7,3.2,0.9,0.3,1.6,45.5,14,0,1.3
6,Luka Doncic,DAL,22,48,28,20,35.0,28.6,10.2,20.9,48.6,3.0,8.1,36.6,5.3,7.1,73.9,0.8,7.2,8.0,8.6,4.3,1.0,0.6,2.2,51.3,19,9,2.3
7,Kevin Durant,BKN,32,22,14,8,34.1,28.2,9.6,18.0,53.5,2.5,5.7,44.8,6.4,7.3,87.6,0.4,6.7,7.1,5.2,3.9,0.6,1.3,2.0,46.6,6,0,9.1
8,Kyrie Irving,BKN,29,38,27,11,35.2,27.6,10.6,20.7,51.4,2.8,7.0,39.8,3.6,3.9,90.7,1.1,3.7,4.8,6.0,2.2,1.2,0.6,2.8,45.5,5,0,6.6
9,Zach LaVine,CHI,26,52,22,30,35.2,27.5,9.8,19.4,50.6,3.4,8.2,41.4,4.5,5.3,84.7,0.6,4.5,5.1,5.0,3.6,0.8,0.5,2.3,41.4,3,0,-0.8
10,Zion Williamson,NOP,20,49,24,25,32.9,26.8,10.3,16.6,62.0,0.2,0.5,36.0,6.1,8.7,70.3,2.6,4.6,7.1,3.7,2.5,0.9,0.7,2.2,43.1,12,0,0.8
11,Donovan Mitchell,UTA,24,52,38,14,33.7,26.5,9.1,20.7,43.8,3.4,8.7,38.5,5.0,6.0,84.2,0.9,3.5,4.4,5.3,2.7,1.0,0.3,2.2,40.9,2,0,5.6
12,Nikola Jokic,DEN,26,54,34,20,35.4,26.2,10.3,18.2,56.5,1.4,3.4,41.8,4.1,4.8,85.4,2.9,8.1,10.9,8.8,3.1,1.5,0.6,2.7,55.6,48,14,5.9
13,Kawhi Leonard,LAC,29,45,31,14,34.6,26.0,9.4,18.3,51.5,2.0,5.0,39.5,5.1,5.8,87.8,1.2,5.4,6.6,5.0,2.0,1.7,0.4,1.7,45.9,8,0,7.9
14,Jayson Tatum,BOS,23,49,27,22,35.7,25.9,9.4,20.4,45.8,2.9,7.6,38.4,4.2,4.8,87.3,0.7,6.4,7.1,4.2,2.6,1.2,0.4,1.9,43.2,9,0,2.9
15,Devin Booker,PHX,24,50,37,13,33.8,25.7,9.4,19.2,49.0,2.1,5.9,35.2,4.9,5.6,86.2,0.4,3.8,4.2,4.5,3.3,0.9,0.3,2.9,37.7,1,0,5.9
16,Trae Young,ATL,22,50,27,23,34.3,25.4,7.8,17.8,43.5,2.3,6.5,36.1,7.6,8.7,86.7,0.6,3.3,4.0,9.5,4.3,0.8,0.2,1.9,43.3,23,0,3.4
17,LeBron James,LAL,36,41,28,13,33.9,25.4,9.5,18.4,51.3,2.4,6.5,36.8,4.1,5.8,70.3,0.6,7.3,7.9,7.9,3.7,1.0,0.6,1.6,47.9,18,5,6.9
18,James Harden,BKN,31,42,29,13,37.1,25.2,8.0,17.2,46.3,2.8,7.8,35.8,6.5,7.5,87.0,0.8,7.2,8.0,10.9,4.1,1.2,0.7,2.3,52.7,31,12,2.2
19,De'Aaron Fox,SAC,23,53,22,31,35.0,25.0,9.1,18.9,47.9,1.9,5.7,32.9,5.1,7.2,70.5,0.5,2.9,3.4,7.1,3.1,1.4,0.5,3.0,42.4,10,0,-3.7
20,Karl-Anthony Towns,MIN,25,34,10,24,34.7,25.0,8.8,17.8,49.3,2.4,6.2,39.0,5.1,5.7,88.2,2.7,8.4,11.1,4.6,3.2,0.8,1.4,3.5,48.6,26,0,-0.9
21,Jaylen Brown,BOS,24,51,27,24,34.1,24.3,9.1,18.8,48.6,2.7,6.9,39.7,3.3,4.3,75.1,1.2,4.5,5.7,3.5,2.7,1.2,0.6,2.9,39.0,8,0,1.3
22,Collin Sexton,CLE,22,45,16,29,35.8,24.1,8.8,18.4,48.0,1.6,4.4,35.7,4.9,6.0,82.2,0.8,2.0,2.8,4.2,2.6,1.2,0.1,2.6,34.8,1,0,-5.3
23,Nikola Vucevic,CHI,30,54,18,36,33.7,24.0,9.7,20.1,48.4,2.6,6.2,40.9,2.0,2.4,83.3,2.0,9.4,11.4,3.7,1.8,1.0,0.7,1.9,46.6,35,1,-6.6
24,Brandon Ingram,NOP,23,49,24,25,34.4,24.0,8.5,18.0,47.1,2.4,6.3,38.3,4.6,5.3,88.0,0.6,4.4,5.0,4.8,2.5,0.7,0.7,2.0,38.7,4,0,0.0
25,Shai Gilgeous-Alexander,OKC,22,35,16,19,33.7,23.7,8.2,16.1,50.8,2.0,4.9,41.8,5.3,6.5,80.8,0.5,4.2,4.7,5.9,3.0,0.8,0.7,2.0,39.5,3,0,-5.3
26,Paul George,LAC,30,42,31,11,33.6,23.3,8.2,17.2,47.9,3.3,7.4,44.1,3.6,4.0,89.8,0.9,5.3,6.2,5.5,3.1,1.2,0.4,2.4,40.6,5,0,8.5
27,CJ McCollum,POR,29,29,17,12,33.2,23.2,8.5,19.1,44.5,3.9,9.8,40.1,2.3,2.7,84.8,0.6,3.3,3.9,4.7,1.3,1.0,0.5,1.9,38.2,2,0,2.8
28,Julius Randle,NYK,26,54,27,27,37.0,23.0,8.2,17.8,46.1,2.0,5.0,39.8,4.6,5.8,79.9,1.3,9.4,10.7,6.0,3.5,0.9,0.3,3.2,44.9,33,5,1.8
29,Anthony Davis,LAL,28,23,17,6,32.8,22.5,8.9,16.7,53.3,0.7,2.5,29.3,4.0,5.7,71.5,2.0,6.3,8.4,3.0,2.0,1.3,1.8,1.8,44.6,8,0,5.9
30,Jerami Grant,DET,27,48,14,34,34.4,22.5,7.4,17.3,42.9,2.3,6.3,35.9,5.4,6.3,85.4,0.7,4.1,4.8,2.9,2.0,0.7,1.1,2.3,36.0,3,0,-1.5
31,Russell Westbrook,WAS,32,46,16,30,35.3,21.7,8.2,18.8,43.6,1.3,4.2,30.9,4.0,6.4,62.7,1.6,9.1,10.7,10.8,5.0,1.2,0.4,2.7,50.7,40,23,-5.0
32,Jimmy Butler,MIA,31,39,24,15,33.8,21.4,7.1,14.4,49.4,0.5,2.1,23.8,6.7,7.8,85.3,1.9,5.3,7.2,7.2,2.2,2.1,0.4,1.4,46.0,14,4,3.2
33,Malcolm Brogdon,IND,28,47,23,24,35.2,21.3,8.1,17.5,46.0,2.7,6.7,40.0,2.5,2.9,86.1,0.9,3.9,4.8,5.9,2.1,1.0,0.2,2.0,37.5,4,0,0.5
34,Jamal Murray,DEN,24,48,31,17,35.5,21.2,7.9,16.5,47.7,2.7,6.6,40.8,2.8,3.2,86.9,0.8,3.3,4.0,4.8,2.3,1.3,0.3,2.0,35.8,1,0,6.3
35,DeMar DeRozan,SAS,31,45,22,23,33.8,21.2,7.3,14.7,49.6,0.4,1.4,28.6,6.1,7.0,88.2,0.7,3.6,4.3,7.1,1.9,0.9,0.2,2.0,38.5,9,0,-1.2
36,Christian Wood,HOU,25,31,10,21,31.8,21.1,8.2,15.3,53.3,1.7,4.6,37.5,3.0,4.6,64.6,1.7,7.8,9.5,1.5,1.8,0.9,1.2,2.0,39.2,15,0,-1.5
37,Pascal Siakam,TOR,27,45,17,28,35.5,20.8,7.5,16.4,45.5,1.2,4.3,28.4,4.6,5.5,83.9,1.7,5.4,7.1,4.6,2.2,1.1,0.7,3.3,39.5,10,1,2.9
38,Kristaps Porzingis,DAL,25,34,20,14,31.0,20.7,7.9,16.4,48.0,2.3,6.3,36.9,2.6,3.2,83.3,2.0,7.4,9.4,1.6,1.4,0.4,1.6,2.7,39.1,14,0,1.3
39,John Wall,HOU,30,35,12,23,32.1,20.6,7.3,18.1,40.5,2.1,6.3,33.3,3.8,5.2,72.9,0.5,2.8,3.3,6.8,3.4,1.1,0.8,1.2,37.0,6,1,-3.5
40,Tobias Harris,PHI,28,48,34,14,33.3,20.4,7.9,15.2,51.8,1.4,3.5,40.2,3.2,3.6,88.4,1.0,6.2,7.3,3.6,1.9,0.9,0.9,2.0,37.9,11,0,5.4
41,Khris Middleton,MIL,29,51,33,18,33.5,20.3,7.5,15.6,48.2,2.2,5.0,43.5,3.0,3.4,88.6,0.8,5.2,6.0,5.4,2.8,1.1,0.2,2.4,36.7,8,0,4.1
42,Terry Rozier,CHA,27,50,26,24,33.6,20.3,7.2,15.6,46.3,3.3,8.2,40.4,2.5,3.0,83.2,0.6,3.5,4.1,3.4,1.9,1.2,0.4,1.8,33.3,2,0,-1.4
43,Domantas Sabonis,IND,24,50,23,27,35.7,19.8,7.4,14.3,52.2,0.8,2.6,30.5,4.2,5.7,72.5,2.6,8.9,11.5,6.0,3.4,1.1,0.6,3.4,44.4,37,6,-1.8
44,D'Angelo Russell,MIN,25,25,7,18,28.2,19.8,7.0,16.1,43.4,3.0,7.3,40.7,2.8,3.6,78.9,0.4,2.2,2.6,4.9,2.6,1.0,0.4,2.0,31.8,1,0,-8.6
45,Fred VanVleet,TOR,27,44,19,25,36.4,19.8,6.5,16.5,39.3,3.3,9.0,37.1,3.5,4.0,88.5,0.6,3.6,4.2,6.1,2.0,1.7,0.8,2.4,39.6,3,0,3.1
46,Victor Oladipo,MIA,28,33,13,20,32.7,19.8,7.1,17.5,40.8,2.4,7.2,32.6,3.2,4.2,75.4,0.4,4.5,4.8,4.6,2.5,1.4,0.4,2.5,35.4,0,0,-2.2
47,Gordon Hayward,CHA,31,44,24,20,34.0,19.6,7.1,15.0,47.3,1.9,4.7,41.5,3.5,4.2,84.3,0.8,5.0,5.9,4.1,2.1,1.2,0.3,1.7,35.3,2,0,0.4
48,Malik Beasley,MIN,24,37,8,29,32.8,19.6,7.1,16.2,44.0,3.5,8.7,39.9,1.8,2.2,85.0,0.8,3.6,4.4,2.4,1.6,0.8,0.2,1.7,29.8,0,0,-5.3
49,Norman Powell,POR,27,52,22,30,30.9,19.0,6.5,13.3,48.9,2.7,6.2,43.0,3.4,4.0,85.5,0.6,2.5,3.1,1.8,1.8,1.2,0.3,2.3,28.0,0,0,0.1
50,Bam Adebayo,MIA,23,48,24,24,33.5,19.0,7.2,12.7,56.6,0.0,0.2,25.0,4.6,5.6,80.8,2.4,7.0,9.4,5.3,2.6,1.0,1.1,2.3,41.9,26,2,1.1
51,Ja Morant,MEM,21,44,23,21,31.8,18.9,6.8,15.2,44.7,0.9,3.5,27.0,4.4,6.0,73.9,0.9,2.5,3.5,7.4,3.1,0.9,0.2,1.4,34.2,10,1,1.3
52,Evan Fournier,BOS,28,30,14,16,30.0,18.6,6.2,13.6,45.7,2.8,7.0,39.8,3.4,4.2,79.5,0.2,2.6,2.7,3.4,1.9,1.1,0.4,2.2,29.4,0,0,-1.9
53,John Collins,ATL,23,47,23,24,30.3,18.2,7.1,13.0,54.5,1.3,3.4,38.0,2.7,3.3,83.8,2.1,5.7,7.8,1.4,1.2,0.5,1.0,3.2,33.1,14,0,2.3
54,Andrew Wiggins,GSW,26,54,26,28,32.6,18.0,6.8,14.4,47.3,2.0,5.2,38.1,2.4,3.4,69.4,1.0,3.8,4.8,2.3,1.9,1.0,1.0,2.2,31.2,1,0,-2.3
55,Anthony Edwards,MIN,19,55,14,41,31.4,18.0,6.6,16.5,39.8,2.1,6.8,31.2,2.7,3.5,79.1,0.9,3.6,4.5,2.6,2.1,1.1,0.4,1.7,29.7,2,0,-4.9
56,Caris LeVert,IND,26,29,15,14,30.8,18.0,6.9,15.9,43.1,1.7,5.3,31.0,2.6,3.3,80.0,0.7,3.8,4.5,5.1,1.9,1.4,0.5,1.9,34.8,2,0,-0.3
57,Eric Gordon,HOU,32,27,10,17,29.2,17.8,5.9,13.6,43.3,2.6,7.8,32.9,3.5,4.2,82.5,0.3,1.9,2.1,2.6,1.9,0.5,0.5,1.6,25.4,0,0,-2.5
58,Kemba Walker,BOS,30,35,18,17,31.4,17.7,6.1,15.3,39.7,2.7,8.1,34.0,2.8,3.0,94.2,0.3,3.5,3.8,5.1,2.1,1.1,0.3,1.3,32.0,0,0,1.9
59,RJ Barrett,NYK,20,55,28,27,34.0,17.4,6.5,14.5,45.0,1.4,3.7,37.8,3.0,4.1,73.5,1.0,4.7,5.7,3.0,2.0,0.8,0.3,2.6,29.9,4,0,1.2
60,Michael Porter Jr.,DEN,22,44,28,16,30.5,17.3,6.7,12.5,53.4,2.4,5.6,42.1,1.6,2.1,76.3,1.9,5.9,7.8,1.0,1.1,0.6,0.9,2.1,31.7,14,0,5.2
61,Jordan Clarkson,UTA,28,51,38,13,25.4,17.2,6.2,14.8,42.2,3.0,8.6,34.9,1.7,1.7,95.5,0.8,3.2,3.9,2.2,1.7,0.9,0.2,1.5,26.5,0,0,4.9
62,Jrue Holiday,MIL,30,41,28,13,31.7,17.1,6.8,13.4,50.6,1.9,4.8,40.0,1.6,2.0,82.7,1.3,3.3,4.6,5.4,2.1,1.7,0.5,1.7,35.4,3,0,5.6
63,Kyle Lowry,TOR,35,40,12,28,34.6,17.1,5.6,12.9,43.7,2.7,6.9,39.1,3.1,3.6,88.0,0.8,4.7,5.5,7.3,2.9,1.1,0.3,3.2,35.6,8,2,-0.8
64,Jonas Valanciunas,MEM,28,47,24,23,27.9,17.0,7.0,12.2,57.6,0.3,0.9,34.1,2.6,3.3,77.6,4.2,8.5,12.7,1.8,1.7,0.6,0.8,2.9,37.1,39,0,2.2
65,Darius Garland,CLE,21,43,16,27,33.3,16.9,6.5,14.5,44.8,1.9,4.6,40.2,2.0,2.3,85.1,0.5,1.9,2.4,5.9,3.0,1.2,0.1,2.2,29.3,3,0,-5.8
66,Buddy Hield,SAC,28,53,22,31,34.5,16.5,5.7,14.3,39.6,4.0,10.5,38.2,1.2,1.4,84.2,0.4,4.2,4.5,3.2,1.7,0.8,0.3,2.6,28.5,1,0,-2.4
67,Mike Conley,UTA,33,44,32,12,29.8,16.5,5.7,12.7,45.1,2.8,6.7,41.6,2.3,2.7,85.7,0.8,2.7,3.4,5.6,1.9,1.3,0.2,2.0,31.7,3,0,10.0
68,Dillon Brooks,MEM,25,49,26,23,29.5,16.4,6.2,15.1,41.0,1.9,5.6,34.2,2.2,2.6,82.8,0.8,2.1,2.9,2.4,1.8,1.2,0.4,3.4,26.4,0,0,2.3
69,Andre Drummond,LAL,27,30,11,19,27.8,16.1,6.6,14.0,47.1,0.0,0.3,0.0,2.9,4.8,60.0,3.8,9.0,12.8,2.3,3.2,1.6,1.1,3.0,39.6,20,0,-3.6
70,Tim Hardaway Jr.,DAL,29,52,29,23,28.6,16.1,5.7,12.8,44.1,2.9,7.4,39.2,1.8,2.3,80.0,0.3,3.1,3.4,1.7,0.9,0.5,0.1,1.5,23.7,0,0,-0.2
71,De'Andre Hunter,ATL,23,20,9,11,31.2,16.0,5.6,11.2,50.2,1.6,4.4,35.6,3.3,3.8,86.7,0.8,4.3,5.1,2.1,1.4,0.9,0.5,2.7,28.1,1,0,3.5
72,Terrence Ross,ORL,30,44,15,29,29.4,15.9,5.6,13.6,41.3,2.0,5.9,34.1,2.7,3.0,88.1,0.3,3.2,3.5,2.3,1.7,1.0,0.5,2.0,26.3,0,0,-5.3
73,LaMelo Ball,CHA,19,41,20,21,28.6,15.9,5.8,12.8,45.1,2.0,5.3,37.5,2.4,3.0,78.9,1.3,4.5,5.9,6.1,2.8,1.6,0.3,2.8,35.1,7,1,-1.0
74,Dejounte Murray,SAS,24,50,26,24,31.7,15.9,6.6,14.6,45.6,1.0,3.0,31.8,1.6,2.0,82.0,0.7,6.1,6.8,5.2,1.7,1.6,0.1,2.1,35.3,9,2,2.1
75,Chris Paul,PHX,35,53,38,15,31.6,15.8,6.0,12.3,48.6,1.3,3.6,36.6,2.5,2.7,93.1,0.4,4.2,4.6,8.7,2.2,1.5,0.2,2.4,37.3,16,1,5.1
76,Harrison Barnes,SAC,28,51,22,29,36.2,15.5,5.3,10.9,48.7,1.5,4.1,36.0,3.4,4.2,82.5,1.2,5.6,6.7,3.5,1.5,0.8,0.2,1.3,30.4,6,0,-1.2
77,T.J. Warren,IND,27,4,3,1,29.3,15.5,6.8,12.8,52.9,0.0,1.8,0.0,2.0,2.5,80.0,0.5,3.0,3.5,1.3,1.0,0.5,0.0,4.0,22.1,0,0,0.3
78,Gary Trent Jr.,TOR,22,52,27,25,31.4,15.5,5.6,13.3,42.1,2.9,7.4,39.2,1.4,1.8,78.0,0.4,2.1,2.5,1.5,0.8,0.9,0.2,1.6,23.0,0,0,-0.1
79,Tyler Herro,MIA,21,43,22,21,31.5,15.4,5.8,13.3,43.2,1.9,5.6,33.8,2.0,2.5,81.1,0.5,4.5,5.0,3.3,2.0,0.7,0.4,1.3,27.6,3,0,-2.0
80,Kevin Porter Jr.,HOU,20,17,2,15,31.1,15.4,5.8,13.6,42.7,1.5,5.7,26.8,2.2,3.2,70.4,0.6,3.3,3.9,6.6,3.5,0.9,0.4,2.2,30.5,3,0,-8.0
81,Clint Capela,ATL,26,48,25,23,30.1,15.4,6.6,11.0,60.0,0.0,0.0,0.0,2.1,3.6,59.3,4.7,9.6,14.2,0.9,1.3,0.7,2.2,2.3,41.2,36,1,3.8
82,Dennis Schroder,LAL,27,51,34,17,31.8,15.4,5.3,12.2,43.2,1.1,3.3,34.1,3.7,4.4,84.8,0.5,3.0,3.5,5.4,2.8,1.2,0.2,2.6,28.9,3,0,2.7
83,Lauri Markkanen,CHI,23,33,11,22,27.9,15.3,5.5,11.3,48.7,2.4,6.1,39.0,1.9,2.3,84.0,0.8,4.8,5.6,0.9,1.2,0.4,0.4,1.5,24.5,2,0,-1.8
84,Kelly Oubre Jr.,GSW,25,50,24,26,30.8,15.3,5.8,13.2,43.9,1.6,5.2,31.7,2.1,3.0,69.8,1.4,4.6,6.0,1.4,1.2,1.1,0.8,2.3,28.8,6,0,-3.7
85,Bojan Bogdanovic,UTA,31,55,41,14,30.4,15.2,5.0,11.9,41.9,2.4,6.2,38.4,2.9,3.3,86.7,0.6,3.4,4.0,1.8,1.4,0.5,0.1,1.6,23.0,0,0,5.2
86,Deandre Ayton,PHX,22,54,39,15,30.5,15.0,6.5,10.5,62.0,0.1,0.4,20.0,1.9,2.6,75.0,3.3,7.5,10.8,1.4,1.7,0.5,1.1,2.9,33.4,29,0,4.6
87,Ben Simmons,PHI,24,46,32,14,33.2,14.8,5.7,10.5,54.5,0.1,0.2,33.3,3.4,5.5,61.9,1.7,6.0,7.7,7.1,3.4,1.6,0.6,3.0,37.9,13,4,5.0
88,OG Anunoby,TOR,23,36,15,21,33.0,14.6,5.3,11.3,47.3,2.2,5.8,38.6,1.7,2.3,75.3,1.4,4.3,5.7,2.0,1.8,1.6,0.7,2.8,29.6,3,0,2.6
89,Derrick White,SAS,26,28,13,15,29.3,14.6,5.0,12.3,40.4,2.1,6.5,32.0,2.6,3.0,85.7,0.3,2.5,2.7,3.3,1.4,0.8,1.0,2.7,26.8,0,0,0.9
90,Lonzo Ball,NOP,23,41,17,24,31.7,14.5,5.2,12.3,42.4,3.1,8.1,38.4,0.9,1.2,79.2,0.6,3.6,4.2,5.7,2.0,1.4,0.6,2.0,31.8,3,0,0.8
91,Coby White,CHI,21,50,21,29,30.9,14.4,5.3,12.9,41.0,2.1,6.2,34.0,1.7,1.9,90.6,0.4,3.8,4.2,4.4,2.2,0.5,0.2,2.6,26.1,4,0,-1.8
92,Rudy Gobert,UTA,28,55,41,14,31.0,14.4,5.5,8.2,66.7,0.0,0.1,0.0,3.5,5.7,61.7,3.4,10.0,13.4,1.3,1.6,0.5,2.8,2.3,41.0,38,0,9.8
93,Thomas Bryant,WAS,23,10,2,8,27.1,14.3,5.9,9.1,64.8,0.9,2.1,42.9,1.6,2.4,66.7,1.8,4.3,6.1,1.5,1.1,0.4,0.8,3.1,26.4,1,0,-1.4
94,Joe Harris,BKN,29,54,37,17,30.8,14.2,5.2,10.2,51.2,3.2,6.6,48.2,0.7,0.9,75.0,0.6,3.0,3.7,1.9,0.8,0.6,0.2,2.1,23.1,0,0,5.8
95,Montrezl Harrell,LAL,27,55,34,21,24.4,14.2,5.7,9.3,62.1,0.0,0.2,0.0,2.7,3.9,70.8,2.4,4.2,6.6,1.1,1.1,0.7,0.8,1.9,27.0,8,0,2.2
96,Al Horford,OKC,34,28,11,17,27.9,14.2,5.8,12.9,45.0,2.0,5.4,36.8,0.6,0.8,81.8,1.0,5.7,6.7,3.4,1.0,0.9,0.9,1.7,31.7,1,0,-3.6
97,Devonte' Graham,CHA,26,43,21,22,29.7,14.2,4.5,11.8,37.7,3.1,8.2,37.4,2.2,2.6,82.3,0.4,2.3,2.7,5.1,1.6,1.0,0.1,1.3,27.0,3,0,3.2
98,Richaun Holmes,SAC,27,50,22,28,30.0,14.1,5.9,9.3,64.1,0.0,0.2,20.0,2.2,2.8,79.7,2.6,6.4,8.9,1.7,1.2,0.7,1.6,3.6,33.1,21,0,-0.4
99,Marvin Bagley III,SAC,22,37,15,22,25.7,13.9,5.6,11.2,50.2,0.9,2.6,35.4,1.6,2.9,56.0,2.5,5.0,7.4,0.9,1.3,0.5,0.5,2.4,25.9,10,0,-3.2
100,Rui Hachimura,WAS,23,44,20,24,31.6,13.9,5.3,11.2,47.4,0.8,2.5,32.7,2.4,3.1,77.4,0.9,5.0,5.9,1.5,1.3,0.8,0.1,2.2,24.4,3,0,-3.2
101,Aaron Gordon,DEN,25,34,17,17,29.0,13.7,5.0,10.7,46.3,1.4,4.0,36.3,2.3,3.6,64.2,1.4,4.6,6.0,3.8,2.3,0.7,0.8,1.9,28.8,3,1,0.7
102,Shake Milton,PHI,24,46,34,12,24.0,13.7,5.0,11.1,45.2,1.0,3.2,32.2,2.6,3.0,85.7,0.6,1.7,2.3,3.0,1.7,0.6,0.3,2.2,21.9,0,0,2.8
103,Bogdan Bogdanovic,ATL,28,30,20,10,27.3,13.6,5.0,11.1,45.2,2.7,6.5,41.0,0.9,1.0,90.0,0.6,3.0,3.6,2.9,1.1,0.8,0.3,2.1,24.5,0,0,2.4
104,LaMarcus Aldridge,BKN,35,26,15,11,25.9,13.5,5.4,11.4,47.3,1.2,3.1,38.8,1.6,1.8,87.2,0.7,3.8,4.5,1.9,1.0,0.4,1.1,1.8,25.4,1,0,-1.3
105,Chris Boucher,TOR,28,55,21,34,23.7,13.5,4.8,9.3,51.7,1.5,3.8,38.3,2.5,3.2,78.4,1.9,4.6,6.5,1.1,0.7,0.6,1.9,2.7,29.8,10,0,1.8
106,Danilo Gallinari,ATL,32,39,21,18,24.0,13.4,4.0,9.5,42.5,2.1,5.2,40.7,3.2,3.4,93.3,0.3,3.8,4.1,1.4,1.0,0.6,0.2,2.1,21.6,2,0,3.1
107,Kendrick Nunn,MIA,25,40,20,20,28.5,13.4,5.2,11.3,45.7,2.0,5.4,36.4,1.1,1.2,91.3,0.4,2.7,3.2,2.7,1.6,1.0,0.3,1.9,23.5,0,0,-0.8
108,Marcus Smart,BOS,27,36,19,17,32.5,13.4,4.3,10.4,40.9,2.0,5.6,35.5,2.9,3.6,78.6,0.6,2.5,3.1,5.6,1.8,1.5,0.5,2.5,29.8,2,0,1.5
109,Carmelo Anthony,POR,36,53,30,23,25.1,13.3,4.8,11.5,41.3,1.7,4.5,38.2,2.1,2.4,87.4,0.5,2.7,3.2,1.6,1.0,0.7,0.6,2.2,22.7,0,0,-2.5
110,Luguentz Dort,OKC,21,43,17,26,29.5,13.3,4.6,11.7,39.6,2.1,6.0,34.2,2.0,2.7,73.3,0.7,2.9,3.6,1.6,1.5,0.9,0.4,2.5,22.4,0,0,-3.6
111,Derrick Rose,NYK,32,34,16,18,23.8,13.1,5.0,11.7,42.6,0.9,2.5,34.9,2.3,2.7,84.9,0.4,1.8,2.2,3.9,1.6,1.0,0.4,1.1,24.4,1,0,0.1
112,Duncan Robinson,MIA,26,54,28,26,32.2,13.1,4.4,9.9,43.8,3.5,8.5,40.8,0.9,1.1,84.7,0.1,3.6,3.7,1.8,1.2,0.5,0.2,2.5,21.2,1,0,1.0
113,Malik Monk,CHA,23,32,16,16,21.7,13.1,4.6,10.1,46.0,2.2,5.2,42.4,1.7,2.0,81.5,0.4,2.3,2.7,1.9,1.5,0.5,0.1,1.2,19.5,0,0,2.1
114,Marcus Morris Sr.,LAC,31,44,31,13,25.9,13.1,4.8,10.1,46.9,2.5,5.2,47.6,1.1,1.3,83.1,0.6,3.5,4.1,1.0,0.9,0.6,0.3,2.1,21.1,0,0,2.2
115,Josh Jackson,DET,24,49,14,35,24.6,13.1,4.8,11.2,42.6,1.3,4.1,31.2,2.3,3.2,71.6,0.9,3.1,4.1,2.1,2.1,0.9,0.7,2.8,23.9,1,0,-1.3
116,Doug McDermott,IND,29,51,25,26,24.4,13.1,5.1,9.8,52.0,1.7,4.4,38.1,1.2,1.4,84.5,1.0,2.6,3.6,1.3,0.9,0.3,0.1,1.7,19.8,0,0,0.2
117,Jarrett Allen,CLE,22,44,17,27,28.7,13.1,4.8,7.5,63.3,0.1,0.3,41.7,3.5,4.9,70.4,3.0,6.9,9.9,1.7,1.5,0.5,1.7,1.6,32.4,19,0,-2.2
118,Goran Dragic,MIA,34,35,20,15,26.6,13.0,4.7,10.8,43.2,1.5,4.7,33.1,2.1,2.6,82.4,0.3,3.0,3.4,4.5,2.6,0.6,0.2,2.3,23.4,1,0,0.1
119,Tyrese Haliburton,SAC,21,48,20,28,30.3,13.0,5.0,10.5,47.8,2.1,5.1,41.0,0.8,0.9,84.4,0.8,2.4,3.1,5.1,1.5,1.2,0.6,1.5,28.2,3,0,-2.7
120,Mikal Bridges,PHX,24,54,39,15,32.0,12.9,4.8,9.3,52.2,1.7,4.2,40.5,1.5,1.9,82.2,1.1,3.4,4.6,2.2,0.8,0.9,0.9,1.6,26.2,1,0,4.7
121,Markelle Fultz,ORL,22,8,6,2,26.9,12.9,5.1,13.0,39.4,0.5,2.0,25.0,2.1,2.4,89.5,0.6,2.5,3.1,5.4,2.3,1.0,0.3,2.3,26.2,1,0,-3.6
122,Keldon Johnson,SAS,21,49,25,24,28.6,12.9,4.9,10.3,47.6,0.9,2.6,32.8,2.2,3.0,73.5,1.5,5.0,6.5,1.8,1.1,0.5,0.5,2.2,25.4,8,0,-2.4
123,Jalen Brunson,DAL,24,49,27,22,25.6,12.8,4.8,9.2,52.3,1.2,3.1,39.2,2.0,2.5,78.9,0.4,3.2,3.6,3.3,1.3,0.5,0.0,1.7,22.4,1,0,2.4
124,Kyle Kuzma,LAL,25,52,33,19,28.2,12.8,4.9,11.4,43.2,2.0,5.8,34.7,1.0,1.4,67.6,1.8,4.8,6.7,1.6,1.8,0.4,0.6,1.7,24.5,12,0,0.7
125,Will Barton,DEN,30,51,33,18,31.4,12.8,4.7,10.9,43.2,1.7,4.5,37.9,1.6,2.0,77.9,0.7,3.4,4.2,3.2,1.7,0.9,0.4,1.7,24.9,0,0,4.1
126,Myles Turner,IND,25,46,22,24,30.9,12.7,4.4,9.2,48.2,1.5,4.4,33.8,2.3,3.0,78.7,1.3,5.1,6.4,1.0,1.4,0.9,3.5,3.5,33.4,7,0,0.8
127,Kyle Anderson,MEM,27,50,26,24,27.3,12.5,4.6,9.7,47.0,1.4,3.8,36.3,2.0,2.6,76.9,0.8,5.1,5.9,3.5,1.3,1.3,0.8,1.7,29.6,3,0,0.1
128,Josh Richardson,DAL,27,43,24,19,32.0,12.4,4.5,10.5,43.0,1.5,4.9,31.6,1.8,2.0,90.8,0.9,2.7,3.6,2.8,1.4,0.9,0.4,2.5,23.4,0,0,-0.6
129,Thaddeus Young,CHI,32,49,21,28,24.9,12.4,5.6,9.6,58.5,0.1,0.6,22.2,1.0,1.6,62.0,2.4,4.0,6.4,4.3,2.0,1.2,0.6,2.4,29.8,6,0,2.6
130,Alec Burks,NYK,29,43,22,21,25.9,12.4,4.1,10.0,41.0,2.0,4.9,40.3,2.2,2.5,86.1,0.4,4.0,4.4,2.2,1.0,0.7,0.3,2.1,22.9,2,0,2.6
131,Seth Curry,PHI,30,43,30,13,29.0,12.2,4.4,9.9,44.6,2.0,4.8,41.1,1.4,1.5,89.4,0.2,2.0,2.1,2.9,1.3,0.8,0.2,1.7,20.8,0,0,5.9
132,Lou Williams,ATL,34,50,33,17,22.2,12.1,4.4,10.4,42.3,1.1,2.8,39.7,2.3,2.6,86.3,0.3,1.7,2.0,3.5,1.6,0.9,0.1,1.0,21.2,2,0,1.9
133,Enes Kanter,POR,28,54,31,23,26.5,12.1,5.1,8.3,60.8,0.0,0.0,0.0,1.9,2.5,78.4,4.3,7.5,11.9,1.3,1.3,0.5,0.7,2.6,30.6,29,0,1.6
134,Patty Mills,SAS,32,51,26,25,25.6,12.0,4.1,9.6,42.9,2.6,6.6,38.9,1.1,1.2,90.5,0.3,1.4,1.7,2.5,0.9,0.7,0.0,1.3,19.0,0,0,2.1
135,Joe Ingles,UTA,33,50,36,14,26.8,12.0,4.1,7.8,52.1,2.7,5.5,48.7,1.1,1.3,86.4,0.4,3.2,3.6,4.2,1.6,0.7,0.2,1.8,23.7,1,0,6.5
136,Elfrid Payton,NYK,27,46,23,23,26.1,12.0,5.0,11.1,44.8,0.5,1.8,28.6,1.5,2.1,70.1,1.2,2.4,3.6,3.4,1.7,0.8,0.2,1.9,22.6,0,0,-0.8
137,Eric Bledsoe,NOP,31,53,25,28,30.2,11.9,4.2,10.2,40.8,1.8,5.2,35.2,1.8,2.5,72.0,0.4,3.0,3.4,3.8,1.6,0.7,0.3,1.6,23.2,3,0,-1.9
138,Darius Bazley,OKC,20,38,15,23,30.8,11.9,4.4,11.2,39.6,1.5,5.1,29.7,1.5,2.2,68.7,0.6,6.8,7.4,1.6,1.9,0.5,0.6,0.9,24.4,9,0,-5.7
139,Immanuel Quickley,NYK,21,50,25,25,19.7,11.8,3.7,9.7,38.5,1.8,4.9,37.0,2.6,2.9,89.6,0.5,1.9,2.3,2.1,0.9,0.5,0.2,1.9,19.1,0,0,1.4
140,George Hill,PHI,34,14,6,8,26.3,11.8,4.4,8.6,50.8,1.6,4.1,38.6,1.5,1.8,84.0,0.6,1.5,2.1,3.1,0.9,0.9,0.1,0.9,21.0,0,0,-1.1
141,Kevin Huerter,ATL,22,55,30,25,30.8,11.8,4.5,10.6,42.3,2.0,5.6,36.2,0.8,0.9,82.7,0.6,2.7,3.2,3.5,1.2,1.1,0.2,2.4,23.9,3,0,-0.3
142,Hamidou Diallo,DET,22,41,16,25,23.2,11.6,4.3,8.9,48.6,0.5,1.4,33.9,2.5,3.8,65.4,1.1,3.9,5.0,2.2,1.5,0.9,0.4,2.5,23.4,5,0,-3.5
143,P.J. Washington,CHA,22,48,26,22,29.4,11.6,4.1,9.7,42.6,1.4,3.8,37.0,1.9,2.4,79.1,1.4,5.0,6.4,2.7,2.1,1.0,1.3,2.7,28.0,7,0,0.4
144,Lonnie Walker IV,SAS,22,40,21,19,25.6,11.5,4.4,10.2,42.9,1.7,4.7,36.4,1.1,1.3,79.2,0.3,2.4,2.7,1.6,1.0,0.5,0.4,1.9,18.7,0,0,-3.8
145,James Wiseman,GSW,20,39,18,21,21.4,11.5,4.9,9.4,51.9,0.3,1.0,31.6,1.4,2.2,62.8,1.4,4.4,5.8,0.7,1.5,0.3,0.9,3.1,21.5,3,0,-4.7
146,Wendell Carter Jr.,ORL,21,41,17,24,25.3,11.4,4.3,8.2,52.2,0.2,0.9,28.6,2.6,3.5,74.3,2.3,5.6,7.9,2.1,1.6,0.7,0.8,2.8,27.0,9,0,-3.6
147,Bobby Portis,MIL,26,49,32,17,21.5,11.4,4.8,9.1,52.7,1.1,2.4,47.1,0.7,0.9,73.9,1.8,5.5,7.3,1.1,0.9,0.8,0.4,1.7,24.2,9,0,3.0
148,Brook Lopez,MIL,33,52,33,19,27.3,11.4,4.2,8.8,47.9,1.4,4.3,33.8,1.5,1.8,84.9,1.4,3.5,4.9,0.8,0.9,0.6,1.4,2.0,23.6,2,0,4.2
149,Brandon Clarke,MEM,24,44,24,20,25.4,11.3,4.8,9.2,51.7,0.4,1.4,30.6,1.4,2.1,66.7,1.6,4.0,5.6,1.7,0.6,1.0,0.8,1.5,25.6,2,0,0.0
150,Kelly Olynyk,HOU,29,53,23,30,27.4,11.3,4.2,9.1,46.5,1.8,5.5,32.7,1.1,1.3,80.3,1.1,5.3,6.4,2.2,1.4,0.9,0.6,2.8,25.7,4,0,0.3
151,Cam Reddish,ATL,21,26,10,16,28.9,11.2,3.7,10.1,36.5,1.3,4.8,26.2,2.6,3.2,81.7,0.8,3.2,4.0,1.3,1.3,1.3,0.3,2.6,21.6,0,0,-1.9
152,Saddiq Bey,DET,22,52,15,37,25.1,11.2,3.6,8.8,41.1,2.3,6.0,38.2,1.6,1.8,88.4,0.5,3.4,4.0,1.3,0.8,0.7,0.1,1.7,19.5,3,0,-2.3
153,Davis Bertans,WAS,28,40,17,23,24.5,11.1,3.3,8.2,40.2,2.9,7.3,39.6,1.6,1.9,86.7,0.4,2.6,3.0,0.9,0.6,0.6,0.2,2.5,17.9,0,0,0.5
154,Rudy Gay,SAS,34,45,23,22,21.7,11.1,4.1,9.8,41.3,1.7,4.3,39.1,1.3,1.7,78.7,0.8,4.2,5.0,1.5,1.1,0.8,0.5,1.9,22.1,0,0,2.5
155,Cole Anthony,ORL,20,29,9,20,26.4,11.0,4.1,11.0,37.3,1.0,3.3,29.9,1.8,2.2,84.1,0.9,3.6,4.5,3.9,1.9,0.7,0.4,2.1,23.7,0,0,-5.8
156,Kevin Love,CLE,32,10,4,6,20.3,11.0,3.4,8.7,39.1,2.2,5.9,37.3,2.0,2.6,76.9,0.6,4.8,5.4,2.0,1.5,0.6,0.2,1.2,21.4,2,0,1.3
157,Serge Ibaka,LAC,31,39,24,15,23.6,10.9,4.5,8.9,50.7,1.0,2.8,35.2,0.9,1.2,82.2,1.7,4.9,6.7,1.7,1.1,0.2,1.2,1.9,24.7,5,0,4.2
158,Justin Holiday,IND,32,53,25,28,31.3,10.9,3.7,8.9,41.9,2.5,6.5,38.3,1.0,1.2,80.0,0.5,3.2,3.7,1.7,0.8,1.2,0.4,2.0,21.9,0,0,-0.5
158,Naz Reid,MIN,21,53,13,40,19.1,10.9,4.2,8.0,51.9,0.8,2.4,35.7,1.8,2.4,72.9,1.1,3.3,4.3,1.1,1.0,0.5,1.1,2.5,21.4,1,0,-4.7
160,Jae'Sean Tate,HOU,25,54,14,40,28.7,10.9,4.3,8.4,51.7,0.8,2.6,31.0,1.4,1.9,73.1,2.0,3.4,5.4,2.0,1.2,1.2,0.6,3.1,24.4,2,0,-1.7
161,Blake Griffin,BKN,32,29,13,16,27.5,10.8,3.6,9.3,38.7,1.6,5.0,32.4,2.0,2.8,72.8,0.4,4.4,4.8,3.3,1.5,0.7,0.2,2.1,22.8,1,0,-1.0
162,Miles Bridges,CHA,23,53,27,26,27.6,10.7,4.0,7.9,50.2,1.4,3.7,38.1,1.3,1.5,87.5,1.3,4.5,5.8,2.0,1.6,0.6,0.7,2.1,23.1,8,0,0.9
163,Donte DiVincenzo,MIL,24,51,33,18,27.5,10.7,3.9,9.5,41.7,2.0,5.3,38.4,0.8,1.1,72.2,1.2,4.4,5.6,3.1,1.4,1.2,0.2,1.6,24.7,4,0,6.0
164,Grayson Allen,MEM,25,39,21,18,24.8,10.6,3.5,8.2,42.5,2.2,5.4,39.6,1.5,1.6,90.6,0.4,2.8,3.2,2.2,1.0,0.9,0.2,1.4,20.0,0,0,0.4
165,Jordan Poole,GSW,21,33,15,18,17.6,10.5,3.7,8.3,44.0,1.6,4.7,34.8,1.5,1.7,91.1,0.2,1.3,1.5,1.8,0.9,0.4,0.1,1.5,15.8,0,0,-1.6
166,Monte Morris,DEN,25,42,26,16,26.3,10.4,4.0,8.3,47.9,1.1,3.0,38.1,1.3,1.6,78.3,0.2,2.0,2.2,3.3,0.8,0.7,0.3,1.0,20.0,0,0,3.6
167,Mason Plumlee,DET,31,50,13,37,27.1,10.3,4.2,6.9,60.3,0.0,0.1,0.0,2.0,3.0,66.2,2.6,6.4,9.1,3.5,1.9,0.8,0.9,3.3,29.8,14,2,-2.4
168,Dwayne Bacon,ORL,25,54,17,37,25.5,10.3,3.8,9.6,39.3,0.9,3.0,30.4,1.8,2.1,83.6,0.3,2.7,3.1,1.2,0.6,0.5,0.1,1.6,17.0,0,0,-4.6
169,Nickeil Alexander-Walker,NOP,22,41,19,22,20.7,10.2,3.9,9.2,41.8,1.6,4.6,34.8,1.0,1.3,75.0,0.2,2.8,3.1,2.0,1.4,1.0,0.5,1.9,20.0,0,0,-0.8
170,Jae Crowder,PHX,30,51,36,15,27.8,10.2,3.4,8.2,41.0,2.5,6.3,38.9,1.0,1.3,78.5,0.5,4.4,4.9,2.1,0.9,0.8,0.4,1.9,22.0,0,0,3.8
171,Jeff Green,BKN,34,50,33,17,26.6,10.2,3.5,7.2,49.4,1.4,3.4,41.5,1.7,2.2,75.5,0.5,3.3,3.8,1.5,0.8,0.6,0.3,1.8,18.8,0,0,2.0
172,Larry Nance Jr.,CLE,28,29,11,18,32.7,10.1,4.0,8.1,48.7,1.2,3.3,37.9,0.9,1.4,63.4,1.7,5.3,7.1,3.1,1.5,1.8,0.6,2.1,28.9,5,0,-4.5
173,De'Anthony Melton,MEM,22,35,18,17,19.9,10.1,3.7,7.8,48.0,1.8,4.0,45.3,0.8,1.0,77.1,0.7,2.5,3.2,2.7,1.2,1.2,0.5,1.7,21.8,1,0,3.8
174,Ty Jerome,OKC,23,21,6,15,25.2,10.0,3.7,8.6,43.3,2.1,5.2,40.4,0.5,0.8,58.8,0.5,2.5,3.0,3.6,1.3,0.6,0.2,1.9,19.9,0,0,-4.1
175,Wayne Ellington,DET,33,39,11,28,22.2,9.9,3.4,7.5,44.7,2.6,6.1,42.4,0.7,0.8,78.8,0.3,1.6,1.8,1.5,0.7,0.4,0.2,1.4,15.5,0,0,-1.2
176,Reggie Jackson,LAC,30,53,35,18,22.0,9.9,3.7,8.0,45.8,1.6,3.8,42.2,1.0,1.3,79.7,0.3,2.4,2.8,3.1,1.1,0.6,0.1,2.0,18.9,0,0,3.6
177,Cameron Johnson,PHX,25,48,35,13,23.3,9.9,3.5,7.8,45.0,2.1,5.4,39.4,0.8,0.9,86.7,0.5,2.8,3.3,1.4,0.8,0.6,0.3,1.5,18.1,0,0,4.2
178,Jeremy Lamb,IND,28,33,15,18,21.0,9.9,3.2,7.5,42.5,1.4,3.5,39.3,2.1,2.2,94.6,0.7,2.9,3.6,1.4,0.6,0.9,0.6,1.9,20.1,0,0,-0.9
179,Delon Wright,SAC,28,45,12,33,27.4,9.8,3.5,7.8,45.6,0.8,2.4,35.2,1.9,2.3,80.0,1.0,3.2,4.2,4.4,1.2,1.5,0.4,1.1,25.9,2,0,-2.0
180,Jaylen Nowell,MIN,21,37,8,29,19.0,9.8,3.7,8.5,43.3,1.3,3.7,34.1,1.1,1.4,82.4,0.5,1.9,2.4,1.6,0.7,0.6,0.3,1.8,16.8,0,0,-2.5
181,Dario Saric,PHX,27,36,27,9,18.0,9.8,3.5,7.5,46.3,1.1,2.9,35.8,1.8,2.0,86.3,1.1,3.1,4.2,1.3,1.2,0.6,0.1,1.9,17.5,0,0,5.8
182,Reggie Bullock,NYK,30,48,25,23,27.7,9.7,3.4,8.1,42.4,2.2,5.6,39.4,0.6,0.7,88.6,0.2,3.1,3.3,1.4,0.7,0.8,0.2,2.2,18.0,0,0,1.4
183,Cedi Osman,CLE,26,48,16,32,24.3,9.7,3.5,9.7,36.0,1.6,5.4,30.0,1.1,1.5,75.0,0.6,2.7,3.3,2.6,1.1,0.9,0.2,1.8,19.8,1,0,-4.9
184,Mike Muscala,OKC,29,35,15,20,18.4,9.7,3.4,7.6,44.6,1.9,5.3,37.0,0.9,1.0,91.7,0.5,3.2,3.8,0.8,0.6,0.2,0.3,1.5,16.4,0,0,0.5
185,Danny Green,PHI,33,53,36,17,28.3,9.7,3.3,7.9,42.1,2.6,6.3,41.4,0.4,0.5,72.4,0.8,2.9,3.7,1.7,1.1,1.3,0.9,1.8,22.0,1,0,4.6
186,Otto Porter Jr.,ORL,27,28,12,16,21.7,9.7,3.5,8.1,43.2,1.4,3.7,37.5,1.3,1.5,85.7,1.0,4.4,5.4,2.0,0.9,0.6,0.1,1.5,20.4,2,0,-1.5
187,Theo Maledon,OKC,19,48,18,30,27.3,9.7,3.4,9.0,37.4,1.7,4.7,35.6,1.3,1.7,75.6,0.4,3.0,3.4,3.4,2.1,0.9,0.1,2.1,19.7,1,0,-8.5
188,Gary Harris,ORL,26,21,11,10,29.8,9.6,3.6,8.4,42.6,1.2,3.8,31.3,1.2,1.6,76.5,0.7,1.7,2.4,1.7,0.8,0.9,0.2,1.9,17.4,0,0,4.1
189,Desmond Bane,MEM,22,48,25,23,22.4,9.5,3.6,7.5,47.5,1.8,3.9,45.4,0.6,0.8,81.1,0.4,2.8,3.1,1.5,1.0,0.7,0.2,1.9,17.2,0,0,1.4
190,Yogi Ferrell,CLE,27,2,0,2,20.3,9.5,4.0,10.5,38.1,1.5,4.5,33.3,0.0,1.0,0.0,1.5,2.0,3.5,2.5,1.5,1.5,0.5,2.0,22.0,0,0,-5.5
191,Eric Paschall,GSW,24,39,19,20,17.3,9.5,3.7,7.5,49.1,0.4,1.4,32.1,1.6,2.3,71.9,0.7,2.5,3.2,1.3,1.1,0.3,0.2,1.7,15.6,0,0,-3.0
192,Bryn Forbes,MIL,27,52,32,20,19.1,9.4,3.4,7.4,45.3,2.1,4.8,44.9,0.6,0.8,75.0,0.2,1.2,1.3,0.6,0.6,0.3,0.0,1.1,12.4,0,0,0.6
193,Daniel Theis,CHI,29,50,22,28,24.1,9.4,3.8,6.8,55.3,0.7,2.3,32.7,1.1,1.7,66.7,1.2,3.9,5.2,1.7,1.0,0.6,1.0,2.6,21.8,4,0,1.0
194,Patrick Williams,CHI,19,52,21,31,28.5,9.4,3.7,7.7,47.5,0.8,2.1,38.0,1.3,1.7,76.7,1.0,3.7,4.6,1.3,1.4,0.9,0.7,2.0,20.0,3,0,-4.4
195,DeMarcus Cousins,LAC,30,27,13,14,19.2,9.3,3.1,8.0,38.4,1.5,4.3,34.2,1.7,2.3,71.4,1.2,6.1,7.3,2.3,1.6,0.8,0.7,2.9,24.3,6,0,-1.7
196,Danuel House Jr.,HOU,27,31,8,23,27.2,9.3,3.2,7.9,40.6,1.6,4.5,36.0,1.3,1.9,66.1,0.6,3.3,3.9,1.9,1.0,0.6,0.5,2.0,19.0,0,0,-7.3
197,Josh Hart,NOP,26,47,21,26,28.7,9.2,3.2,7.3,43.9,1.3,4.1,32.6,1.5,1.9,77.5,1.1,6.9,8.0,2.3,1.0,0.8,0.3,2.4,24.5,7,0,0.0
198,Furkan Korkmaz,PHI,23,43,30,13,19.1,9.2,3.1,7.7,40.6,1.8,4.7,37.3,1.2,1.7,72.6,0.3,1.8,2.1,1.2,0.9,0.9,0.2,1.2,15.8,0,0,2.0
199,David Nwaba,HOU,28,30,8,22,22.6,9.2,3.5,7.3,48.6,0.6,2.1,27.0,1.6,2.3,69.1,1.3,2.6,3.9,1.0,0.6,1.0,0.7,2.0,20.0,1,0,-0.9
199,Jusuf Nurkic,POR,26,20,11,9,22.4,9.2,3.7,7.5,49.7,0.4,1.1,33.3,1.5,2.5,58.0,1.9,5.7,7.6,3.2,2.1,1.0,0.9,3.1,26.6,4,0,2.7
201,Taurean Prince,CLE,27,36,13,23,22.0,9.1,3.0,7.9,38.4,1.4,3.6,38.2,1.7,2.0,84.7,0.5,3.1,3.6,1.9,1.1,0.6,0.6,1.8,18.8,0,0,-2.9
202,Robert Covington,POR,30,52,31,21,32.2,9.1,3.2,7.6,41.3,2.1,5.4,38.4,0.7,0.9,80.9,0.8,5.8,6.6,1.7,1.1,1.6,1.3,2.8,27.1,5,0,2.3
203,Cody Zeller,CHA,28,34,18,16,21.5,9.1,3.6,6.9,53.2,0.1,0.7,12.5,1.7,2.3,73.4,2.6,4.6,7.2,2.0,1.0,0.7,0.4,2.3,23.0,6,0,1.1
204,Paul Millsap,DEN,36,42,27,15,22.1,9.0,3.4,6.9,49.5,1.0,2.6,38.2,1.2,1.8,70.3,1.4,3.3,4.7,1.6,0.9,0.9,0.6,2.1,20.8,1,0,0.3
205,Kentavious Caldwell-Pope,LAL,28,51,31,20,27.1,9.0,3.1,7.2,42.9,1.6,4.0,41.6,1.2,1.5,85.1,0.5,2.2,2.7,1.6,1.1,0.7,0.3,1.6,16.9,1,0,2.5
206,Dorian Finney-Smith,DAL,27,42,24,18,32.1,9.0,3.3,7.5,43.8,1.8,4.9,36.2,0.6,0.7,80.0,1.7,3.9,5.6,1.6,0.6,0.9,0.5,2.5,21.4,1,0,2.2
207,Robin Lopez,WAS,33,53,20,33,20.3,8.9,3.7,5.9,62.5,0.1,0.3,27.8,1.4,2.0,70.8,2.1,2.0,4.1,0.9,1.1,0.3,0.6,1.7,16.6,3,0,-1.5
208,Ivica Zubac,LAC,24,56,38,18,22.1,8.8,3.5,5.3,65.2,0.0,0.1,0.0,1.9,2.3,80.6,2.7,4.6,7.3,1.2,1.1,0.4,0.9,2.5,22.0,11,0,1.4
209,Isaiah Roby,OKC,23,44,17,27,23.5,8.8,3.4,6.8,49.5,0.5,1.6,31.9,1.5,2.1,71.0,1.6,4.2,5.8,1.8,1.8,0.8,0.7,2.6,21.0,3,0,-6.0
210,Moses Brown,OKC,21,25,6,19,20.7,8.7,3.3,5.9,55.4,0.0,0.0,0.0,2.1,3.4,61.6,3.2,5.4,8.6,0.2,0.9,0.6,1.1,2.0,23.3,8,0,-6.6
211,Nicolas Batum,LAC,32,53,36,17,28.4,8.6,3.0,6.5,46.6,1.8,4.3,41.9,0.8,1.0,84.3,0.8,4.1,5.0,2.3,0.8,1.1,0.5,1.6,22.1,1,0,6.0
212,Michael Carter-Williams,ORL,29,30,11,19,25.8,8.6,3.3,8.6,38.4,0.5,1.9,24.1,1.6,2.5,61.8,1.3,3.1,4.4,4.2,2.2,0.8,0.5,2.7,21.9,0,0,-2.0
213,Jaylen Hoard,OKC,22,5,0,5,21.3,8.6,3.0,6.2,48.4,0.0,0.8,0.0,2.6,3.0,86.7,1.2,1.8,3.0,0.8,1.4,0.4,0.2,1.4,13.8,0,0,-5.2
214,JJ Redick,DAL,36,32,14,18,18.4,8.6,2.8,6.9,39.8,1.6,4.5,36.4,1.4,1.5,95.8,0.1,1.6,1.7,1.3,0.8,0.3,0.1,1.2,12.8,0,0,-1.1
215,Talen Horton-Tucker,LAL,20,50,31,19,19.5,8.5,3.3,7.5,43.7,0.6,2.1,26.9,1.4,1.7,81.0,0.4,2.3,2.7,2.5,1.5,0.9,0.4,2.0,17.9,2,0,0.5
216,Ricky Rubio,MIN,30,51,14,37,26.3,8.5,2.7,7.2,38.1,0.9,2.9,30.1,2.1,2.5,85.6,0.4,2.8,3.2,6.8,1.8,1.4,0.1,2.1,25.2,4,0,-3.8
217,Bruce Brown,BKN,24,50,36,14,22.0,8.4,3.4,6.4,53.4,0.2,0.9,24.4,1.3,1.7,75.0,1.6,3.2,4.9,1.6,0.9,0.9,0.4,2.2,19.3,1,0,0.4
218,Isaac Okoro,CLE,20,48,17,31,31.8,8.3,3.1,7.1,43.0,0.9,2.8,31.6,1.3,1.8,70.5,0.9,1.9,2.8,1.8,1.4,1.0,0.4,2.8,17.3,0,0,-5.9
219,Landry Shamet,BKN,24,43,28,15,20.4,8.3,2.7,6.8,40.2,2.0,5.0,39.4,0.9,1.0,84.4,0.2,1.6,1.8,1.2,0.7,0.5,0.1,1.3,13.6,0,0,-0.7
220,James Ennis III,ORL,30,37,10,27,24.0,8.3,2.8,5.9,47.2,1.0,2.5,41.8,1.7,2.1,81.6,1.1,2.9,4.1,1.5,0.9,0.8,0.2,2.1,17.5,1,0,-2.3
221,Mitchell Robinson,NYK,23,31,15,16,27.5,8.3,3.7,5.7,65.3,0.0,0.0,0.0,0.8,1.7,49.1,3.6,4.5,8.1,0.5,0.8,1.1,1.5,2.8,25.7,5,0,-0.5
222,Raul Neto,WAS,28,47,18,29,20.5,8.3,3.2,7.1,44.9,1.0,2.6,36.6,0.9,1.1,82.7,0.4,1.8,2.2,2.1,0.8,1.1,0.1,1.6,16.9,0,0,-2.4
223,Robert Williams III,BOS,23,47,26,21,18.9,8.2,3.7,5.1,72.0,0.0,0.0,0.0,0.9,1.4,64.6,2.6,4.4,7.0,1.8,1.0,0.8,1.8,2.1,26.0,4,0,-0.4
224,Sterling Brown,HOU,26,51,14,37,24.1,8.2,2.9,6.6,44.8,1.8,4.2,42.3,0.5,0.6,80.6,0.7,3.6,4.4,1.4,0.8,0.7,0.2,1.9,17.7,2,0,-3.0
225,Garrett Temple,CHI,34,37,16,21,27.1,8.1,3.0,7.1,42.4,1.2,3.7,33.6,0.8,1.0,81.6,0.6,2.5,3.1,2.0,1.0,0.9,0.5,2.3,17.9,0,0,2.6
226,Jakob Poeltl,SAS,25,52,26,26,26.0,8.1,3.7,5.9,63.0,0.0,0.0,0.0,0.7,1.8,41.3,3.3,4.7,8.0,1.9,1.2,0.6,1.6,2.3,26.0,11,0,2.3
227,JaMychal Green,DEN,30,41,26,15,18.4,8.0,2.9,6.4,45.5,1.4,3.4,39.7,0.8,1.0,82.9,1.5,3.6,5.1,0.8,1.0,0.5,0.3,2.6,16.8,1,0,1.4
228,Patrick Beverley,LAC,32,31,21,10,23.4,8.0,2.6,6.1,43.2,1.7,4.0,41.6,1.1,1.3,80.5,0.9,2.7,3.6,2.1,0.9,0.8,0.8,3.1,19.4,0,0,4.8
229,T.J. McConnell,IND,29,50,24,26,25.6,8.0,3.7,6.6,56.0,0.2,0.6,30.0,0.4,0.6,62.5,0.8,2.9,3.6,6.5,1.9,1.7,0.4,1.6,26.4,4,1,0.3
230,Luke Kennard,LAC,24,50,36,14,19.2,7.9,3.0,6.2,48.9,1.6,3.4,47.0,0.3,0.4,84.2,0.2,2.4,2.6,1.7,0.8,0.3,0.2,1.6,14.3,0,0,0.1
231,Tomas Satoransky,CHI,29,42,17,25,23.8,7.9,3.0,5.9,50.8,0.8,2.1,39.1,1.2,1.3,90.7,0.5,2.0,2.5,5.1,1.7,0.8,0.2,1.6,20.0,1,0,0.5
232,Tristan Thompson,BOS,30,40,22,18,22.5,7.9,3.2,6.1,52.9,0.0,0.1,0.0,1.4,2.3,60.9,3.1,5.2,8.2,1.0,1.0,0.4,0.5,2.2,20.7,4,0,1.1
233,Hassan Whiteside,SAC,31,31,14,17,14.3,7.8,3.3,5.9,56.0,0.0,0.0,0.0,1.2,2.2,52.9,1.6,4.1,5.7,0.5,1.1,0.2,1.3,1.8,19.0,2,0,-3.3
234,Steven Adams,NOP,27,50,24,26,27.9,7.7,3.3,5.4,61.4,0.0,0.1,0.0,1.0,2.4,43.0,3.9,5.0,8.9,1.9,1.5,1.0,0.7,2.0,24.7,11,1,-0.4
235,Anfernee Simons,POR,21,46,26,20,15.9,7.7,2.6,6.4,40.3,1.9,4.5,41.5,0.7,0.8,81.6,0.2,2.1,2.2,1.3,0.7,0.2,0.1,1.6,12.6,0,0,-2.1
236,Svi Mykhailiuk,OKC,23,50,12,38,19.3,7.7,2.7,6.8,40.0,1.6,4.6,34.1,0.7,0.8,78.6,0.4,1.9,2.3,1.6,1.2,0.8,0.2,0.8,14.5,0,0,-3.6
237,Isaiah Thomas,NOP,32,3,1,2,16.1,7.7,3.0,9.0,33.3,1.0,4.0,25.0,0.7,0.7,100,0.3,1.0,1.3,1.7,2.0,0.3,0.0,1.0,10.8,0,0,2.7
238,Ben McLemore,LAL,28,36,12,24,16.9,7.6,2.5,7.0,36.0,1.8,5.3,33.3,0.8,1.1,74.4,0.4,1.7,2.0,0.8,0.9,0.6,0.1,1.7,12.4,0,0,-1.9
239,Aleksej Pokusevski,OKC,19,33,11,22,23.5,7.6,2.8,8.5,33.3,1.3,4.5,28.9,0.7,0.8,84.6,0.7,4.1,4.8,1.9,1.9,0.4,1.0,1.2,18.6,1,0,-8.8
240,Cory Joseph,DET,29,55,23,32,22.1,7.6,2.9,6.2,46.6,0.7,2.0,33.0,1.1,1.4,81.6,0.6,1.9,2.5,3.2,1.2,0.9,0.3,2.2,17.7,1,0,-3.1
241,DeAndre Jordan,BKN,32,47,32,15,22.2,7.6,3.4,4.4,77.4,0.0,0.0,0.0,0.7,1.5,50.0,2.0,5.2,7.2,1.6,1.5,0.3,1.2,2.1,21.7,4,0,0.0
242,JaVale McGee,DEN,33,37,16,21,14.7,7.6,3.2,6.2,52.2,0.1,0.5,25.0,1.0,1.6,64.4,1.6,3.5,5.1,0.9,1.4,0.5,1.1,2.5,18.6,0,0,-2.5
243,Derrick Jones Jr.,POR,24,49,27,22,24.5,7.5,2.8,5.7,48.9,0.9,2.6,33.1,1.1,1.7,63.4,1.5,2.5,4.0,0.8,0.6,0.7,1.0,2.3,18.1,0,0,-1.3
244,Henry Ellenson,TOR,24,2,0,2,19.2,7.5,2.5,7.0,35.7,1.0,4.5,22.2,1.5,2.0,75.0,1.5,4.5,6.0,2.5,0.0,0.0,0.0,3.5,18.5,0,0,3.5
245,Frank Jackson,DET,22,25,9,16,14.7,7.5,2.5,5.5,44.9,1.2,3.0,41.9,1.3,1.5,86.5,0.4,1.4,1.7,0.7,0.8,0.3,0.0,1.0,10.7,0,0,0.3
246,Maxi Kleber,DAL,29,38,24,14,27.9,7.4,2.4,5.5,43.8,1.8,4.2,43.4,0.8,0.9,91.4,0.9,4.5,5.4,1.3,0.7,0.6,0.7,2.3,19.1,0,0,2.8
247,Kenrich Williams,OKC,26,54,20,34,20.7,7.4,3.1,5.8,53.8,0.7,1.6,43.7,0.5,0.9,56.5,1.3,2.9,4.2,2.2,1.0,0.7,0.2,2.0,17.5,0,0,-1.0
248,Markieff Morris,LAL,31,48,27,21,20.2,7.4,2.8,6.2,44.5,1.3,3.5,35.5,0.6,0.9,73.2,0.8,3.8,4.6,1.1,0.9,0.3,0.3,1.9,15.8,1,0,0.0
249,Aaron Holiday,IND,24,51,23,28,17.6,7.4,2.7,6.8,39.9,1.1,2.9,37.6,0.8,1.1,76.8,0.2,1.1,1.2,1.7,0.9,0.6,0.2,1.6,12.8,1,0,-0.5
250,Austin Rivers,NYK,28,21,10,11,21.1,7.3,2.8,6.4,43.0,1.3,3.7,36.4,0.5,0.7,71.4,0.2,2.0,2.2,2.0,1.0,0.6,0.0,1.5,13.7,0,0,-2.1
251,Gorgui Dieng,SAS,31,25,10,15,15.8,7.3,2.3,4.6,50.4,1.0,2.1,46.2,1.7,2.0,85.7,1.1,2.9,4.0,1.2,1.0,0.8,0.6,1.7,16.8,0,0,-1.2
252,Avery Bradley,HOU,30,19,5,14,21.7,7.2,2.7,6.5,41.5,1.3,3.7,35.2,0.5,0.7,76.9,0.3,1.8,2.1,1.6,0.8,0.6,0.1,2.3,13.3,0,0,-4.2
253,Cameron Payne,PHX,26,43,31,12,17.2,7.2,2.7,5.7,47.0,1.0,2.5,41.1,0.8,0.9,89.2,0.2,2.1,2.3,3.7,1.0,0.6,0.2,1.7,17.0,1,0,3.4
254,Justin Jackson,OKC,26,33,12,21,16.5,7.2,2.6,6.4,40.6,1.0,3.4,30.6,0.9,1.1,85.7,0.4,1.7,2.2,1.5,0.9,0.5,0.1,0.9,12.7,0,0,-1.4
255,Nicolas Claxton,BKN,21,22,17,5,17.9,7.1,3.0,5.1,59.3,0.0,0.2,25.0,1.0,2.0,50.0,1.4,3.4,4.8,1.0,0.5,0.6,1.3,2.0,19.7,0,0,5.8
256,Justise Winslow,MEM,25,16,8,8,21.0,7.1,3.1,9.1,34.2,0.3,2.6,12.2,0.6,1.0,56.3,0.8,4.0,4.8,1.8,1.6,0.8,0.4,2.0,17.5,0,0,-1.8
257,Kenyon Martin Jr.,HOU,20,27,7,20,19.3,7.1,2.7,4.9,55.3,0.4,1.1,40.0,1.2,1.6,75.0,1.7,2.9,4.6,0.7,0.7,0.5,1.0,1.7,17.1,1,0,-2.6
258,Terence Davis,SAC,23,43,17,26,15.4,7.1,2.6,6.4,40.4,1.3,3.9,34.5,0.5,0.6,81.5,0.3,1.7,2.0,1.1,0.9,0.6,0.2,1.4,12.7,0,0,-1.0
259,Alize Johnson,BKN,24,7,4,3,12.8,7.0,3.4,5.1,66.7,0.0,0.4,0.0,0.1,0.1,100,1.6,3.6,5.1,0.9,0.4,0.4,0.3,0.6,16.2,1,0,-0.7
259,Armoni Brooks,HOU,22,2,0,2,8.6,7.0,2.5,4.0,62.5,2.0,3.5,57.1,0.0,0.0,0.0,0.0,1.0,1.0,0.0,0.5,0.0,0.0,0.0,7.7,0,0,6.5
259,Denzel Valentine,CHI,27,46,19,27,17.6,7.0,2.7,7.1,37.9,1.4,4.1,33.2,0.2,0.2,100,0.4,3.2,3.6,1.7,0.6,0.6,0.0,1.1,15.0,0,0,1.3
259,Tyus Jones,MEM,24,52,27,25,19.3,7.0,2.8,6.5,43.7,0.7,2.2,31.9,0.6,0.7,91.4,0.4,1.9,2.3,4.0,0.8,1.0,0.1,0.5,18.4,2,0,-1.5
263,D.J. Augustin,HOU,33,51,27,24,19.2,7.0,2.2,5.6,38.5,1.3,3.5,37.4,1.4,1.5,93.2,0.4,1.3,1.6,3.3,1.1,0.5,0.0,1.0,14.3,0,0,0.6
264,Jeff Teague,MIL,32,40,18,22,18.0,7.0,2.4,5.4,43.5,0.7,1.6,45.3,1.6,1.8,84.9,0.3,1.4,1.6,2.4,1.1,0.7,0.3,1.2,14.2,0,0,1.2
265,Trevor Ariza,MIA,35,13,6,7,24.8,6.9,2.3,6.9,33.3,1.1,3.8,28.0,1.2,1.6,76.2,0.5,3.4,3.8,1.5,0.5,0.7,0.6,1.5,17.3,0,0,-0.5
266,Tyrese Maxey,PHI,20,46,32,14,14.1,6.9,2.9,6.5,44.6,0.4,1.5,27.5,0.7,0.8,86.8,0.2,1.3,1.5,1.6,0.6,0.3,0.2,1.2,12.0,0,0,-2.4
267,Chuma Okeke,ORL,22,37,13,24,24.2,6.9,2.6,6.2,42.4,1.0,2.8,35.0,0.6,0.8,77.4,0.9,3.1,4.1,2.2,0.8,0.8,0.5,1.1,18.2,0,0,-3.5
268,Dwight Howard,PHI,35,54,37,17,17.4,6.8,2.5,4.3,58.3,0.1,0.3,25.0,1.8,3.0,57.9,2.6,5.6,8.3,0.7,1.8,0.4,0.9,3.0,20.1,8,0,-1.7
269,PJ Dozier,DEN,24,39,27,12,19.9,6.8,2.5,6.1,41.5,0.8,2.5,34.0,0.9,1.5,61.4,0.7,2.9,3.6,1.6,0.8,0.6,0.4,1.8,15.6,0,0,2.3
270,Royce O'Neale,UTA,27,54,40,14,31.9,6.8,2.3,5.4,43.0,1.5,3.9,37.4,0.6,0.7,85.0,1.2,5.6,6.9,2.5,1.1,0.8,0.5,2.8,21.4,3,0,6.5
271,Pat Connaughton,MIL,28,50,31,19,23.1,6.7,2.4,5.4,44.5,1.4,3.6,38.7,0.5,0.7,73.5,1.0,3.8,4.8,1.3,0.5,0.7,0.4,1.5,17.2,0,0,3.3
272,Payton Pritchard,BOS,23,49,26,23,18.7,6.7,2.5,5.7,44.2,1.3,3.2,40.0,0.4,0.5,87.5,0.5,1.6,2.1,1.8,0.9,0.6,0.1,1.7,13.2,0,0,0.2
273,Dennis Smith Jr.,DET,23,23,7,16,18.3,6.7,2.5,6.3,40.0,0.8,2.5,32.8,0.8,1.1,73.1,0.5,1.9,2.4,3.3,1.1,1.0,0.6,1.6,18.3,1,1,-0.8
274,Timothe Luwawu-Cabarrot,BKN,25,47,31,16,19.3,6.7,2.3,6.5,35.9,1.4,4.4,31.6,0.6,0.8,80.6,0.5,1.9,2.4,1.3,0.8,0.6,0.1,1.9,13.0,0,0,-0.2
275,James Johnson,NOP,34,37,17,20,19.6,6.7,2.6,5.8,45.3,0.6,2.3,28.2,0.8,1.3,61.7,0.6,2.6,3.2,2.0,1.1,0.9,0.9,2.2,17.8,0,0,-1.5
276,Abdel Nader,PHX,27,24,16,8,14.8,6.7,2.4,4.8,49.1,0.8,1.8,41.9,1.2,1.5,75.7,0.3,2.3,2.6,0.8,0.8,0.4,0.4,1.4,12.5,0,0,1.2
276,Kira Lewis Jr.,NOP,20,36,17,19,15.9,6.7,2.6,6.3,42.0,0.8,2.1,35.1,0.6,0.8,76.7,0.2,1.0,1.2,2.3,0.6,0.8,0.2,1.6,13.9,0,0,1.7
276,Spencer Dinwiddie,BKN,28,3,2,1,21.4,6.7,2.0,5.3,37.5,0.7,2.3,28.6,2.0,2.0,100,0.0,4.3,4.3,3.0,1.7,0.7,0.3,1.3,17.7,0,0,14.0
279,Mo Bamba,ORL,22,32,8,24,12.3,6.7,2.6,5.4,48.6,0.8,2.0,38.5,0.6,1.0,60.6,1.3,2.9,4.3,0.5,0.6,0.2,1.0,1.7,15.3,0,0,-3.0
280,Isaiah Stewart,DET,19,52,16,36,19.7,6.6,2.8,5.0,56.9,0.2,0.5,42.3,0.7,1.1,66.7,2.2,3.7,5.9,0.9,0.9,0.5,1.0,2.4,18.6,4,0,-0.9
281,Jaden McDaniels,MIN,20,48,10,38,22.8,6.6,2.5,5.8,43.4,1.1,3.1,36.1,0.5,0.8,59.5,0.8,2.9,3.7,1.1,0.7,0.5,1.0,2.6,16.6,0,0,-1.7
282,Alex Len,WAS,27,45,16,29,15.6,6.6,2.6,4.3,61.3,0.2,0.5,31.8,1.1,1.9,60.0,1.0,2.8,3.8,0.9,0.9,0.3,1.1,2.0,15.7,1,0,-2.4
283,Draymond Green,GSW,31,46,23,23,30.6,6.6,2.5,5.9,41.8,0.5,2.0,26.9,1.1,1.4,77.8,0.9,5.5,6.5,8.4,2.9,1.6,0.7,3.2,31.0,10,3,1.9
284,Damyean Dotson,CLE,26,35,13,22,18.8,6.5,2.5,6.3,39.4,0.9,3.3,27.8,0.6,0.9,68.8,0.1,1.9,2.0,2.1,0.8,0.4,0.1,0.9,12.8,0,0,-3.5
285,Marquese Chriss,GSW,23,2,0,2,13.4,6.5,2.5,7.0,35.7,0.5,2.5,20.0,1.0,2.0,50.0,1.5,5.0,6.5,1.0,1.0,0.0,1.0,1.5,17.8,0,0,-12.5
286,Edmond Sumner,IND,25,40,17,23,14.1,6.5,2.4,4.6,52.2,0.6,1.6,37.1,1.1,1.4,80.0,0.4,1.3,1.6,0.7,0.9,0.6,0.2,1.4,10.7,0,0,-0.9
287,Trey Burke,DAL,28,49,26,23,14.3,6.5,2.4,5.4,44.4,1.0,2.7,36.2,0.7,0.8,85.0,0.1,0.8,0.9,1.3,0.5,0.6,0.1,1.0,10.9,0,0,-0.5
288,Terance Mann,LAC,24,53,36,17,18.2,6.5,2.5,4.9,50.4,0.5,1.2,42.9,1.0,1.3,77.9,0.9,2.8,3.7,1.6,0.6,0.5,0.2,1.9,14.8,2,0,0.7
289,Deni Avdija,WAS,20,49,20,29,23.3,6.4,2.4,5.8,41.6,1.0,3.2,32.5,0.6,0.9,64.3,0.4,4.5,4.9,1.2,0.6,0.6,0.2,2.7,15.9,2,0,-2.3
290,Tony Bradley,OKC,23,29,13,16,16.1,6.4,2.9,4.4,65.6,0.0,0.1,0.0,0.7,1.0,67.9,2.0,3.8,5.8,0.9,0.7,0.3,0.8,1.6,17.4,3,0,1.1
291,Frank Kaminsky,PHX,28,33,24,9,14.8,6.4,2.5,5.3,46.9,0.8,1.9,40.6,0.7,1.1,62.9,0.7,2.9,3.6,1.6,0.5,0.3,0.4,1.3,14.8,1,0,1.3
292,Damion Lee,GSW,28,53,25,28,18.8,6.4,2.2,4.8,44.7,1.3,3.5,38.6,0.8,0.8,90.9,0.4,2.7,3.1,1.3,0.5,0.7,0.1,1.5,13.9,0,0,0.2
293,Jaxson Hayes,NOP,20,42,18,24,14.8,6.3,2.5,3.8,65.8,0.1,0.1,50.0,1.2,1.6,75.0,1.2,2.6,3.8,0.6,0.7,0.4,0.5,1.8,13.7,0,0,0.5
293,Nemanja Bjelica,MIA,32,33,15,18,15.8,6.3,2.4,5.3,44.8,0.6,2.2,27.0,1.0,1.4,73.3,0.8,2.7,3.5,1.8,0.9,0.3,0.1,1.9,13.5,0,0,-1.9
295,Garrison Mathews,WAS,24,47,19,28,18.4,6.3,1.8,4.1,42.8,1.4,3.4,40.9,1.4,1.6,89.2,0.3,1.3,1.6,0.5,0.2,0.5,0.1,1.8,10.7,0,0,-3.3
296,Willy Hernangomez,NOP,26,32,15,17,15.6,6.3,2.7,4.9,54.4,0.0,0.3,12.5,0.9,1.5,60.4,2.3,3.9,6.3,0.9,0.5,0.3,0.5,1.0,17.1,5,0,-0.3
297,Juancho Hernangomez,MIN,25,36,11,25,16.2,6.3,2.2,5.1,42.2,0.9,2.8,31.3,1.1,1.7,66.7,0.9,3.1,4.1,0.6,0.4,0.4,0.1,0.9,13.0,0,0,-2.4
298,Frank Mason,ORL,27,4,1,3,19.8,6.3,2.3,6.0,37.5,0.5,1.3,40.0,1.3,1.8,71.4,0.8,2.3,3.0,3.0,1.3,0.0,0.0,1.8,13.1,0,0,-4.8
299,Kent Bazemore,GSW,31,52,24,28,17.4,6.2,2.3,5.1,44.2,1.0,2.4,40.0,0.7,1.0,70.4,0.4,2.6,3.0,1.6,1.1,0.9,0.5,2.2,15.2,0,0,2.2
300,Xavier Tillman,MEM,22,42,21,21,18.4,6.2,2.6,5.0,52.6,0.3,1.1,26.7,0.6,0.9,65.8,1.2,2.9,4.2,1.4,0.7,0.8,0.6,2.1,16.5,0,0,1.0
301,Dakota Mathias,PHI,25,8,4,4,15.4,6.0,2.4,6.0,39.6,1.0,3.3,30.8,0.3,0.8,33.3,0.1,0.8,0.9,1.6,0.1,0.1,0.4,0.9,10.9,0,0,-3.9
302,Alex Caruso,LAL,27,45,26,19,20.5,6.0,2.1,4.9,42.9,1.0,2.3,42.3,0.8,1.2,65.5,0.5,2.5,3.0,2.6,1.2,1.2,0.2,1.8,16.3,0,0,3.3
303,Max Strus,MIA,25,27,7,20,12.5,5.9,2.1,4.5,46.7,1.3,3.6,35.7,0.4,0.6,68.8,0.1,0.8,0.9,0.5,0.1,0.2,0.0,1.1,8.2,0,0,-1.4
304,Jalen McDaniels,CHA,23,28,12,16,13.9,5.9,2.3,4.6,50.4,0.6,1.6,35.6,0.7,1.0,70.4,0.5,2.0,2.5,0.8,0.7,0.3,0.3,1.8,11.2,0,0,-2.0
305,Aron Baynes,TOR,34,50,20,30,18.2,5.8,2.4,5.6,43.1,0.4,1.9,23.7,0.5,0.7,73.0,1.7,3.4,5.1,0.9,0.9,0.3,0.4,2.3,14.4,1,0,-1.7
306,Ish Smith,WAS,32,25,9,16,20.3,5.8,2.6,6.4,40.3,0.4,1.0,36.0,0.3,0.7,47.1,0.4,2.9,3.4,4.3,1.0,0.6,0.2,1.1,17.9,0,0,-0.1
307,Georges Niang,UTA,27,55,41,14,14.3,5.7,2.1,4.8,43.5,1.5,3.5,41.0,0.1,0.1,100,0.3,1.9,2.2,0.7,0.6,0.3,0.1,1.5,10.0,1,0,4.1
307,Moritz Wagner,BOS,23,33,15,18,13.1,5.7,2.0,4.1,48.9,0.5,1.5,31.3,1.3,1.6,77.8,0.5,2.3,2.8,1.2,0.8,0.7,0.2,2.1,12.7,0,0,0.3
309,Saben Lee,DET,21,32,10,22,15.4,5.7,2.0,4.3,47.8,0.2,0.4,50.0,1.4,2.2,65.7,0.5,1.5,1.9,3.3,1.0,0.6,0.3,1.6,14.6,0,0,-2.1
310,Derrick Favors,UTA,29,53,39,14,15.5,5.7,2.3,3.8,62.3,0.0,0.0,0.0,1.0,1.4,74.0,2.1,3.4,5.5,0.8,0.6,0.5,1.0,2.2,17.5,1,0,0.8
311,Rodney McGruder,DET,29,16,3,13,12.1,5.7,2.3,4.4,52.9,0.7,1.5,45.8,0.4,0.5,75.0,0.5,0.9,1.4,1.0,0.4,0.5,0.1,0.8,10.1,0,0,-1.1
312,Daniel Gafford,WAS,22,35,17,18,12.8,5.6,2.3,3.3,70.2,0.0,0.0,0.0,1.0,1.5,67.3,1.5,2.1,3.5,0.5,0.7,0.4,1.1,1.6,14.5,0,0,-0.8
313,Jarrett Culver,MIN,22,32,7,25,15.3,5.6,2.1,5.2,41.2,0.4,1.6,25.5,0.9,1.5,60.4,1.1,2.2,3.3,0.7,0.9,0.5,0.3,1.8,12.1,1,0,-4.0
314,Jake Layman,MIN,27,39,9,30,15.1,5.5,2.2,4.4,50.0,0.5,1.8,29.2,0.6,0.9,71.4,0.3,1.3,1.6,0.7,0.6,0.7,0.4,1.0,11.4,0,0,-1.9
315,Jordan Nwora,MIL,22,21,13,8,9.9,5.5,2.0,4.5,43.2,0.9,2.1,42.2,0.7,0.9,78.9,0.2,1.7,1.9,0.3,0.8,0.6,0.2,0.7,10.0,1,0,1.0
316,Dean Wade,CLE,24,45,16,29,16.9,5.5,2.0,4.6,43.9,1.1,3.0,37.2,0.4,0.5,76.2,0.5,2.6,3.0,1.1,0.4,0.5,0.4,1.1,12.8,0,0,-1.6
317,Tony Snell,ATL,29,40,24,16,21.0,5.5,1.9,3.7,51.7,1.4,2.5,57.1,0.3,0.3,100,0.4,2.0,2.4,1.3,0.5,0.2,0.3,1.6,11.2,0,0,1.4
318,Khem Birch,TOR,28,50,17,33,19.9,5.4,2.0,4.4,46.1,0.1,0.5,21.7,1.3,1.8,72.2,2.4,2.7,5.1,1.1,0.5,0.7,0.6,1.4,16.4,3,0,-2.4
319,Justin Patton,HOU,23,13,1,12,19.0,5.4,2.2,5.4,41.4,0.7,2.6,26.5,0.2,0.3,75.0,1.1,2.7,3.8,1.1,0.3,0.9,1.1,2.6,17.2,0,0,-6.2
320,Bismack Biyombo,CHA,28,49,23,26,21.2,5.4,2.3,3.9,58.1,0.0,0.0,0.0,0.8,1.7,48.2,2.0,3.2,5.3,1.3,1.0,0.3,1.1,2.3,16.8,2,0,-3.2
321,Mason Jones,PHI,22,30,9,21,10.8,5.4,1.7,4.0,42.5,0.8,2.2,36.4,1.2,1.9,61.4,0.2,1.6,1.8,1.4,0.9,0.2,0.0,0.7,9.3,0,0,-2.4
322,Tyler Johnson,BKN,28,31,23,8,16.9,5.4,1.8,4.6,39.4,1.2,3.3,37.6,0.5,0.6,84.2,0.2,1.7,1.9,0.9,0.4,0.4,0.0,1.0,9.8,0,0,0.8
323,Nassir Little,POR,21,35,19,16,14.1,5.3,1.8,3.8,48.5,0.7,1.9,38.2,0.9,1.1,86.8,0.7,2.0,2.7,0.5,0.4,0.1,0.3,1.2,10.2,0,0,-1.1
324,Willie Cauley-Stein,DAL,27,36,17,19,16.9,5.3,2.2,3.6,61.7,0.0,0.2,12.5,0.9,1.4,66.0,1.1,3.1,4.2,0.7,0.5,0.3,0.8,2.3,14.3,1,0,1.9
325,DeAndre' Bembry,TOR,26,37,19,18,18.2,5.3,2.2,4.0,54.4,0.2,0.9,27.3,0.7,1.1,66.7,0.6,2.0,2.6,2.0,1.2,0.8,0.4,1.6,14.0,0,0,0.6
326,Brad Wanamaker,CHA,31,47,23,24,16.7,5.3,1.8,4.9,36.7,0.3,1.6,21.1,1.4,1.5,90.3,0.3,1.4,1.7,2.8,1.1,0.7,0.2,1.5,13.1,0,0,-1.4
326,Jarred Vanderbilt,MIN,22,47,9,38,17.3,5.3,2.1,3.5,60.6,0.0,0.1,25.0,1.0,1.7,60.0,1.5,3.7,5.2,1.3,0.9,0.9,0.7,1.9,17.5,3,0,-2.8
328,Al-Farouq Aminu,CHI,30,18,5,13,21.1,5.3,2.0,5.0,40.0,0.4,1.8,21.9,0.9,1.1,84.2,1.1,4.2,5.3,1.6,1.5,0.9,0.5,1.3,16.9,1,0,-3.7
329,Glenn Robinson III,SAC,27,23,9,14,16.1,5.3,1.8,4.3,42.4,0.7,1.9,36.4,0.9,1.0,91.3,0.5,1.5,2.0,0.9,0.5,0.2,0.1,1.0,9.3,0,0,-5.7
330,Jordan McLaughlin,MIN,25,35,6,29,20.2,5.3,2.1,5.4,38.6,0.6,1.8,34.4,0.5,0.6,72.7,0.4,1.7,2.2,4.2,1.1,1.1,0.2,0.9,17.0,0,0,-3.5
331,Dylan Windler,CLE,24,31,11,20,16.5,5.2,1.8,4.2,43.8,0.8,2.5,33.8,0.7,0.9,77.8,0.6,2.8,3.5,1.1,1.0,0.6,0.4,1.2,12.9,1,0,-2.0
332,Gabe Vincent,MIA,24,37,19,18,13.9,5.2,1.9,5.1,36.9,0.9,3.2,27.7,0.5,0.6,87.0,0.2,0.9,1.1,1.4,0.7,0.5,0.1,1.6,9.4,0,0,-0.9
333,Precious Achiuwa,MIA,21,51,25,26,12.3,5.1,2.1,3.7,55.5,0.0,0.0,0.0,1.0,1.9,50.5,1.3,2.2,3.5,0.5,0.7,0.3,0.5,1.6,11.9,2,0,-2.4
334,Chasson Randle,ORL,28,24,7,17,19.8,5.1,1.8,4.6,37.8,1.0,2.7,36.9,0.6,0.8,83.3,0.1,1.7,1.8,2.0,1.2,0.5,0.1,1.7,10.7,0,0,-6.5
335,Josh Okogie,MIN,22,42,12,30,20.7,5.1,1.6,4.4,37.0,0.5,1.8,25.0,1.4,1.7,81.9,0.9,1.6,2.5,1.1,0.8,1.0,0.4,2.2,13.4,0,0,-4.3
336,Marc Gasol,LAL,36,43,28,15,19.5,5.1,1.7,4.0,42.9,0.9,2.4,37.1,0.8,1.0,75.0,0.7,3.3,4.0,2.1,1.2,0.5,1.2,2.3,17.2,0,0,1.7
337,Malachi Flynn,TOR,22,30,15,15,15.7,5.1,1.9,5.4,36.0,0.8,2.6,30.4,0.4,0.6,70.6,0.1,1.7,1.8,2.3,0.8,0.7,0.2,1.1,12.6,1,0,-1.0
338,Facundo Campazzo,DEN,30,48,31,17,18.7,5.0,1.6,4.1,38.5,1.1,2.8,37.8,0.9,1.0,83.7,0.3,1.3,1.5,2.8,1.0,1.0,0.2,2.0,13.8,0,0,0.5
339,Devin Vassell,SAS,20,44,23,21,16.5,5.0,1.8,4.4,39.7,0.9,2.2,39.2,0.7,0.8,87.9,0.4,2.3,2.8,0.9,0.4,0.8,0.3,1.4,12.6,0,0,-0.5
340,Nico Mannion,GSW,20,20,8,12,13.9,5.0,1.6,4.5,34.4,0.9,2.5,36.7,1.0,1.3,80.0,0.1,1.5,1.6,2.6,1.2,0.7,0.1,1.3,11.7,0,0,-2.9
340,Trey Lyles,SAS,25,23,10,13,15.6,5.0,1.9,3.9,47.8,0.6,1.7,35.0,0.7,1.0,65.2,0.4,3.3,3.7,0.6,0.3,0.3,0.0,0.6,11.1,1,0,-4.7
342,Semi Ojeleye,BOS,26,45,23,22,18.0,5.0,1.6,4.1,40.0,1.2,3.0,38.8,0.5,0.7,75.0,0.6,2.2,2.7,0.7,0.4,0.2,0.0,1.1,9.7,0,0,0.8
343,Nerlens Noel,NYK,27,49,24,25,23.1,5.0,2.1,3.6,60.0,0.0,0.0,0.0,0.7,1.0,66.0,2.2,4.0,6.3,0.7,1.2,1.1,2.1,2.7,21.9,2,0,-0.3
344,Caleb Martin,CHA,25,39,19,20,14.2,4.9,1.8,4.8,38.7,0.6,2.2,28.2,0.6,1.0,61.5,0.6,2.1,2.7,1.3,0.7,0.7,0.2,1.0,12.1,1,0,-2.0
345,Boban Marjanovic,DAL,32,24,9,15,9.0,4.9,2.0,4.3,48.0,0.0,0.3,0.0,0.8,1.1,76.9,1.6,2.8,4.4,0.3,0.4,0.0,0.2,1.0,11.0,3,0,1.1
346,Killian Hayes,DET,19,11,3,8,20.9,4.9,2.0,6.3,31.9,0.6,2.5,25.9,0.3,0.4,75.0,0.2,1.8,2.0,3.5,2.5,0.6,0.4,1.8,13.0,0,0,-5.8
347,Taj Gibson,NYK,35,28,16,12,20.2,4.9,1.9,3.3,56.5,0.1,0.5,21.4,1.1,1.5,69.8,2.0,3.2,5.2,0.7,0.6,0.8,0.9,2.1,16.8,0,0,3.0
348,Jerome Robinson,WAS,24,17,5,12,17.9,4.9,1.6,5.6,29.5,0.6,2.5,26.2,0.9,1.2,80.0,0.2,2.0,2.2,1.5,1.1,0.7,0.4,1.8,11.8,0,0,-5.9
349,Rodney Hood,TOR,28,45,24,21,18.8,4.9,1.9,5.2,36.4,0.7,2.3,30.5,0.3,0.4,78.9,0.4,1.5,2.0,1.1,0.8,0.5,0.1,1.5,9.9,0,0,-2.7
350,Jahlil Okafor,DET,25,14,2,12,10.3,4.9,2.1,3.6,60.0,0.1,0.3,25.0,0.5,0.6,87.5,0.9,1.4,2.3,0.5,0.4,0.1,0.1,1.1,8.9,0,0,-1.8
351,Goga Bitadze,IND,21,34,14,20,11.0,4.9,1.9,4.1,46.4,0.4,1.4,24.5,0.7,1.0,71.4,1.3,1.7,3.0,0.7,0.4,0.2,1.2,1.9,13.2,0,0,-0.6
352,Patrick Patterson,LAC,32,27,21,6,13.9,4.9,1.7,3.9,44.8,1.0,2.6,36.6,0.4,0.5,78.6,0.4,1.4,1.8,0.8,0.3,0.4,0.3,1.3,9.8,0,0,2.7
353,Wesley Matthews,LAL,34,46,26,20,19.9,4.8,1.5,4.3,34.7,1.2,3.4,33.8,0.7,0.8,85.7,0.3,1.3,1.6,1.0,0.5,0.7,0.3,1.5,10.7,0,0,1.0
354,Langston Galloway,PHX,29,34,25,9,11.1,4.8,1.7,3.6,47.1,0.9,2.1,45.1,0.5,0.5,100,0.1,0.9,1.0,0.7,0.3,0.2,0.0,0.7,7.3,0,0,1.4
355,Drew Eubanks,SAS,24,34,14,20,13.0,4.8,1.8,3.5,51.7,0.0,0.0,100,1.1,1.6,70.9,0.9,2.8,3.7,0.8,0.8,0.2,1.0,1.4,13.2,1,0,-1.9
356,Isaiah Hartenstein,CLE,22,37,18,19,11.8,4.8,1.8,3.4,54.4,0.1,0.1,40.0,1.0,1.6,62.3,1.5,2.5,4.0,1.1,0.8,0.4,0.8,2.3,13.9,1,0,0.7
357,Brandon Goodwin,ATL,25,36,19,17,12.3,4.8,1.7,4.5,38.5,0.8,2.1,35.5,0.6,0.8,66.7,0.2,1.1,1.3,1.9,0.7,0.4,0.0,0.8,9.6,0,0,0.0
358,Dwight Powell,DAL,29,39,23,16,14.6,4.7,1.5,2.9,51.3,0.1,0.5,25.0,1.5,2.0,77.9,1.2,2.2,3.3,0.8,0.5,0.6,0.3,2.2,12.1,0,0,1.3
359,Devin Cannady,ORL,24,3,0,3,4.5,4.7,1.0,2.3,42.9,0.7,1.7,40.0,2.0,2.3,85.7,0.0,0.0,0.0,0.0,0.0,0.3,0.3,0.7,6.7,0,0,-1.7
360,Juan Toscano-Anderson,GSW,28,37,16,21,17.6,4.6,1.8,3.2,56.7,0.6,1.3,42.9,0.4,0.5,75.0,0.5,3.2,3.8,2.2,0.9,0.6,0.4,1.9,14.6,0,0,-0.6
361,R.J. Hampton,ORL,20,34,16,18,13.1,4.6,1.9,4.1,45.4,0.4,1.2,31.0,0.5,0.8,60.7,0.5,2.2,2.7,0.8,0.7,0.4,0.1,1.0,9.8,0,0,-5.3
362,Troy Brown Jr.,CHI,21,30,8,22,15.1,4.6,1.7,4.3,40.0,0.7,2.2,31.8,0.5,0.7,70.0,0.6,2.5,3.1,0.9,0.6,0.3,0.2,1.5,10.6,0,0,0.3
363,Solomon Hill,ATL,30,54,30,24,20.2,4.5,1.5,4.2,36.6,1.0,3.1,32.1,0.4,0.6,76.7,0.6,2.0,2.6,1.0,0.6,0.7,0.2,1.6,11.2,0,0,-0.1
364,Kevin Knox II,NYK,21,35,21,14,12.5,4.5,1.5,3.8,40.3,1.0,2.4,40.5,0.4,0.5,77.8,0.3,1.3,1.6,0.5,0.5,0.3,0.2,1.0,8.1,0,0,-1.5
365,Andre Iguodala,MIA,37,49,27,22,21.3,4.4,1.5,4.0,37.1,1.0,3.1,32.5,0.4,0.7,63.6,0.6,3.1,3.7,2.0,1.0,1.0,0.5,1.3,15.5,0,0,-1.9
366,Carsen Edwards,BOS,23,22,12,10,8.8,4.4,1.7,3.7,46.3,0.6,2.0,30.2,0.3,0.4,77.8,0.1,0.8,0.9,0.5,0.1,0.2,0.0,1.0,6.8,0,0,-0.9
367,Grant Williams,BOS,22,47,23,24,18.6,4.4,1.6,3.7,43.6,0.8,2.0,38.7,0.4,0.8,52.8,0.8,2.1,2.9,1.0,0.9,0.6,0.4,2.6,11.3,0,0,-0.3
368,D.J. Wilson,HOU,25,25,11,14,10.5,4.4,1.6,3.9,40.8,0.8,2.2,38.2,0.3,0.4,72.7,0.4,2.3,2.8,0.4,0.6,0.2,0.5,1.3,9.6,0,0,-1.4
369,Lamar Stevens,CLE,23,37,12,25,13.1,4.4,1.6,3.6,45.2,0.1,0.7,16.0,0.9,1.3,71.4,0.6,1.9,2.5,0.6,0.6,0.5,0.4,1.4,10.2,1,0,-2.9
370,Rajon Rondo,LAC,35,32,21,11,15.2,4.3,1.7,4.2,40.7,0.7,1.8,38.6,0.2,0.3,87.5,0.3,1.8,2.1,3.7,1.5,0.8,0.1,1.2,13.4,0,0,0.7
371,Chimezie Metu,SAC,24,21,8,13,9.1,4.3,1.8,3.2,56.7,0.1,0.4,37.5,0.5,0.9,61.1,1.0,1.7,2.7,0.7,0.6,0.2,0.5,1.5,10.1,0,0,-0.4
371,Mike Scott,PHI,32,35,25,10,17.6,4.3,1.5,4.2,36.3,1.1,3.2,33.9,0.2,0.3,60.0,0.3,2.4,2.7,0.6,0.5,0.6,0.1,1.3,10.1,0,0,-0.5
373,E'Twaun Moore,PHX,32,24,18,6,14.5,4.3,1.8,4.3,42.2,0.3,1.2,27.6,0.3,0.4,80.0,0.5,1.2,1.8,1.5,0.8,0.6,0.2,1.3,10.0,0,0,1.0
374,Obi Toppin,NYK,23,45,23,22,11.6,4.2,1.7,3.6,48.4,0.4,1.4,28.1,0.4,0.5,72.7,0.4,1.8,2.2,0.5,0.5,0.3,0.2,1.0,8.7,0,0,-0.4
375,Torrey Craig,PHX,30,32,21,11,13.2,4.1,1.7,3.5,47.7,0.6,1.6,39.2,0.2,0.3,60.0,0.8,2.3,3.2,0.9,0.4,0.6,0.4,1.5,11.9,0,0,-2.0
376,P.J. Tucker,MIL,35,35,14,21,28.6,4.1,1.4,3.9,36.3,0.8,2.6,31.1,0.5,0.7,78.3,1.0,3.4,4.4,1.3,0.9,0.8,0.6,2.7,14.6,0,0,-4.9
377,Darius Miller,OKC,31,18,5,13,10.9,4.1,1.2,2.7,45.8,0.9,2.3,40.5,0.7,0.7,100,0.1,1.2,1.3,1.2,0.4,0.7,0.3,0.7,10.0,0,0,2.1
378,Chris Chiozza,BKN,25,22,12,10,10.6,4.0,1.4,4.0,35.2,0.6,1.9,31.0,0.6,0.8,76.5,0.1,1.0,1.1,3.0,0.7,0.3,0.3,0.9,10.8,1,0,0.9
378,Jordan Bone,ORL,23,14,2,12,14.0,4.0,1.6,3.9,42.6,0.7,2.3,31.3,0.0,0.0,0.0,0.3,1.4,1.7,1.3,0.2,0.1,0.0,0.8,8.2,0,0,-4.2
378,Robert Franks,ORL,24,1,0,1,14.9,4.0,1.0,1.0,100,1.0,1.0,100,1.0,2.0,50.0,2.0,2.0,4.0,1.0,2.0,0.0,0.0,2.0,8.3,0,0,-8.0
381,Sekou Doumbouya,DET,20,45,12,33,13.1,4.0,1.4,4.2,34.6,0.4,1.8,24.1,0.6,0.8,77.8,0.5,1.6,2.1,0.6,0.7,0.4,0.1,1.6,8.3,0,0,-2.6
382,Onyeka Okongwu,ATL,20,33,20,13,10.8,3.9,1.6,2.6,61.6,0.0,0.0,0.0,0.7,1.2,58.5,1.0,2.0,3.0,0.2,0.5,0.4,0.6,1.9,10.4,1,0,-1.9
383,Naji Marshall,NOP,23,14,8,6,14.5,3.9,1.1,3.2,33.3,0.3,1.2,23.5,1.5,2.1,70.0,0.1,2.3,2.4,1.8,0.4,0.5,0.4,1.6,11.7,0,0,-1.9
384,Dante Exum,HOU,25,6,3,3,19.4,3.8,1.7,4.3,38.5,0.3,1.8,18.2,0.2,0.3,50.0,0.3,2.5,2.8,2.2,1.2,0.7,0.3,1.5,12.3,0,0,1.0
385,Javonte Green,CHI,27,28,13,15,13.2,3.8,1.4,2.8,51.9,0.3,0.8,30.4,0.7,1.1,66.7,0.8,1.3,2.1,0.4,0.6,0.7,0.1,1.3,9.0,0,0,-1.6
386,Luka Samanic,SAS,21,22,9,13,9.3,3.8,1.5,3.1,47.1,0.4,1.5,27.3,0.5,1.0,52.4,0.5,1.7,2.2,0.5,0.6,0.2,0.2,1.2,7.7,0,0,-1.2
387,Cody Martin,CHA,25,41,22,19,14.3,3.8,1.5,3.4,44.7,0.3,1.1,26.1,0.4,0.8,56.3,0.8,1.7,2.5,1.4,0.7,0.5,0.2,0.9,10.4,0,0,-0.9
388,Reggie Perry,BKN,21,20,13,7,9.8,3.8,1.6,3.7,41.9,0.2,1.0,20.0,0.5,0.7,76.9,1.2,2.1,3.3,0.7,0.7,0.3,0.3,1.8,9.9,1,0,-1.4
389,Nathan Knight,ATL,23,24,16,8,8.2,3.8,1.1,2.9,38.6,0.2,0.8,25.0,1.3,1.6,79.5,0.8,1.3,2.0,0.3,0.6,0.3,0.3,0.7,7.7,0,0,-0.7
389,Thon Maker,CLE,24,8,3,5,9.6,3.8,1.3,2.3,55.6,0.0,0.3,0.0,1.3,1.4,90.9,1.0,1.3,2.3,0.5,0.4,0.3,0.5,0.9,9.1,0,0,-2.3
391,Mychal Mulder,GSW,26,43,20,23,9.9,3.7,1.3,3.0,41.5,1.0,2.6,37.8,0.3,0.4,57.9,0.0,0.8,0.8,0.4,0.2,0.2,0.2,0.7,6.3,0,0,0.5
392,Matisse Thybulle,PHI,24,51,36,15,19.3,3.7,1.5,3.5,41.3,0.7,2.2,30.9,0.2,0.3,57.1,0.5,1.4,1.9,0.9,0.4,1.5,1.0,2.0,14.4,0,0,1.5
393,Thanasis Antetokounmpo,MIL,28,41,27,14,10.9,3.7,1.6,2.9,54.7,0.2,0.6,30.4,0.4,0.9,48.6,1.1,1.4,2.5,0.8,0.9,0.4,0.2,1.4,8.9,1,0,-0.5
394,Chandler Hutchison,WAS,24,13,3,10,13.5,3.7,1.4,4.2,33.3,0.2,1.0,23.1,0.7,0.8,81.8,0.3,3.0,3.3,0.7,1.1,0.3,0.0,1.3,8.5,0,0,-1.4
395,John Konchar,MEM,25,29,15,14,14.0,3.7,1.3,3.0,43.7,0.4,1.2,36.1,0.6,0.8,81.8,0.8,2.1,3.0,1.2,0.5,0.9,0.2,1.1,11.9,0,0,-0.7
396,Kevon Looney,GSW,25,43,21,22,16.0,3.6,1.5,2.7,55.1,0.1,0.3,30.8,0.5,0.7,69.0,1.7,2.5,4.1,1.9,0.6,0.4,0.4,2.0,13.2,0,0,0.7
397,Zeke Nnaji,DEN,20,34,24,10,10.0,3.5,1.3,2.6,50.6,0.6,1.5,40.0,0.4,0.4,80.0,0.4,1.3,1.6,0.2,0.2,0.1,0.1,0.8,6.4,0,0,-2.0
398,Aaron Nesmith,BOS,21,30,16,14,13.3,3.4,1.2,3.1,37.2,0.7,2.2,32.8,0.4,0.5,68.8,0.5,1.7,2.2,0.3,0.5,0.3,0.2,1.4,7.5,0,0,1.0
399,JaKarr Sampson,IND,28,20,10,10,7.7,3.4,1.3,2.8,47.3,0.1,0.4,25.0,0.7,1.0,70.0,0.7,1.4,2.1,0.1,0.4,0.1,0.4,1.1,7.0,0,0,2.5
399,Maurice Harkless,SAC,27,20,7,13,15.2,3.4,1.2,2.9,42.1,0.6,1.9,29.7,0.5,0.7,69.2,0.2,1.6,1.7,0.9,0.4,0.5,0.4,1.9,8.8,0,0,-3.3
401,Isaiah Joe,PHI,21,29,15,14,9.8,3.3,1.1,3.3,33.7,0.9,2.6,33.3,0.3,0.3,88.9,0.2,0.8,1.0,0.6,0.2,0.3,0.1,0.9,6.5,0,0,0.0
402,Frank Ntilikina,NYK,22,21,14,7,12.1,3.3,1.1,3.0,35.9,0.8,1.8,45.9,0.3,0.7,50.0,0.2,1.0,1.1,0.7,0.5,0.7,0.0,1.6,7.5,0,0,-1.3
402,Freddie Gillespie,TOR,23,3,1,2,13.0,3.3,1.7,2.7,62.5,0.0,0.0,0.0,0.0,0.0,0.0,0.7,1.3,2.0,0.3,0.3,1.0,0.7,1.3,10.9,0,0,0.3
402,Jordan Bell,WAS,26,3,0,3,16.6,3.3,1.7,5.0,33.3,0.0,0.7,0.0,0.0,0.0,0.0,1.7,3.7,5.3,1.7,1.0,0.3,1.0,1.3,15.2,0,0,-12.3
402,Matthew Dellavedova,CLE,30,6,2,4,20.2,3.3,1.3,5.3,25.0,0.3,2.3,14.3,0.3,0.3,100,0.8,1.7,2.5,5.3,0.7,0.3,0.0,1.3,14.7,0,0,2.8
402,Meyers Leonard,MIA,29,3,2,1,9.8,3.3,1.0,2.3,42.9,1.0,2.3,42.9,0.3,0.7,50.0,0.0,2.3,2.3,0.7,0.7,0.0,0.0,1.7,6.5,0,0,-1.3
407,DaQuan Jeffries,HOU,23,19,5,14,12.4,3.3,1.3,3.0,42.1,0.5,1.5,32.1,0.3,0.4,85.7,0.5,1.1,1.5,0.4,0.4,0.4,0.2,1.2,7.0,0,0,1.4
408,Jevon Carter,PHX,25,42,30,12,10.7,3.3,1.2,3.2,39.1,0.8,2.2,35.1,0.0,0.0,100,0.2,1.2,1.5,1.2,0.2,0.4,0.2,1.0,8.4,0,0,0.7
409,Quinn Cook,CLE,28,23,13,10,6.8,3.3,1.3,3.0,42.6,0.5,1.1,42.3,0.3,0.3,87.5,0.1,0.7,0.7,0.8,0.3,0.2,0.0,0.4,5.7,0,0,-0.4
409,Sam Merrill,MIL,24,23,14,9,8.0,3.3,1.2,2.6,45.8,0.8,1.7,46.2,0.2,0.2,100,0.3,0.9,1.1,0.8,0.4,0.2,0.0,0.6,6.3,0,0,-1.0
411,Skylar Mays,ATL,23,26,15,11,7.6,3.2,1.1,2.7,40.0,0.4,1.1,34.5,0.7,0.8,85.7,0.3,0.6,1.0,0.8,0.3,0.4,0.0,0.5,6.6,0,0,0.5
412,Gary Clark,DEN,26,37,10,27,17.3,3.2,1.1,3.5,30.5,0.8,2.9,28.7,0.2,0.3,80.0,0.9,2.2,3.1,0.8,0.5,0.3,0.2,0.9,9.2,0,0,-3.0
413,Justin Robinson,OKC,23,5,0,5,12.3,3.2,1.0,3.2,31.3,0.6,2.4,25.0,0.6,1.0,60.0,0.0,0.8,0.8,1.2,0.2,0.2,0.0,1.4,6.4,0,0,-3.0
414,Yuta Watanabe,TOR,26,36,18,18,12.4,3.1,1.2,2.8,41.2,0.5,1.4,36.7,0.3,0.4,78.6,0.8,2.3,3.2,0.6,0.3,0.5,0.4,1.0,10.3,0,0,0.4
415,Stanley Johnson,TOR,24,47,20,27,14.7,3.1,1.1,2.7,38.8,0.6,1.6,34.2,0.4,0.5,79.2,0.4,1.9,2.3,1.2,0.7,0.7,0.3,1.8,10.1,0,0,-2.8
416,Ryan Arcidiacono,CHI,27,31,15,16,10.7,3.0,1.1,2.8,37.9,0.5,1.6,31.4,0.4,0.5,75.0,0.1,1.4,1.5,1.4,0.2,0.2,0.0,1.1,7.3,0,0,0.1
417,Brodric Thomas,CLE,24,17,4,13,9.3,3.0,0.8,2.8,29.2,0.3,1.5,19.2,1.1,1.4,78.3,0.2,0.9,1.1,0.8,0.6,0.4,0.3,1.1,6.9,0,0,0.9
417,Mamadi Diakite,MIL,24,9,4,5,9.4,3.0,1.1,2.7,41.7,0.1,0.7,16.7,0.7,0.7,100,0.7,2.0,2.7,0.6,0.2,0.2,0.4,1.0,8.8,0,0,1.2
417,Paul Watson,TOR,26,24,10,14,9.8,3.0,1.0,2.3,45.5,0.8,1.8,45.5,0.1,0.2,50.0,0.1,1.3,1.5,0.5,0.3,0.2,0.1,1.3,6.1,0,0,-0.6
417,Romeo Langford,BOS,21,6,5,1,13.4,3.0,1.0,3.0,33.3,0.5,1.2,42.9,0.5,0.5,100,1.0,1.3,2.3,0.3,0.5,0.3,0.2,0.8,7.3,0,0,-0.5
421,Luke Kornet,BOS,25,19,9,10,9.4,2.9,1.1,2.8,38.9,0.6,2.0,31.6,0.1,0.3,40.0,0.3,1.6,1.9,0.5,0.2,0.1,0.7,0.4,8.4,0,0,1.3
422,Damian Jones,SAC,25,23,16,7,9.7,2.9,1.1,1.5,73.5,0.0,0.0,0.0,0.7,1.0,73.9,0.7,1.3,2.0,0.3,0.5,0.1,0.6,1.9,7.3,0,0,-1.5
423,Kyle Guy,SAC,23,22,6,16,6.9,2.9,1.0,2.6,37.9,0.5,1.5,31.3,0.5,0.5,83.3,0.1,0.9,1.0,0.9,0.2,0.2,0.0,0.6,5.8,0,0,1.8
424,Tyler Cook,DET,23,16,7,9,10.3,2.9,1.3,2.1,60.6,0.0,0.0,0.0,0.4,0.8,50.0,0.7,1.4,2.1,0.5,0.6,0.3,0.0,1.1,6.3,0,0,0.8
425,Harry Giles III,POR,22,30,16,14,10.3,2.9,1.1,2.5,42.7,0.2,0.5,46.7,0.5,0.7,68.2,1.0,3.0,3.9,0.8,0.6,0.2,0.3,1.7,9.7,0,0,-1.9
426,Bruno Caboclo,HOU,25,6,1,5,6.1,2.8,1.3,2.8,47.1,0.0,0.8,0.0,0.2,0.3,50.0,0.5,1.8,2.3,0.2,0.7,0.0,0.3,1.0,6.2,0,0,0.0
427,Wes Iwundu,NOP,26,30,14,16,14.1,2.8,0.9,2.6,35.4,0.2,1.2,14.3,0.8,0.9,85.2,0.3,1.9,2.3,0.5,0.5,0.4,0.1,1.3,7.4,0,0,-1.9
428,Amir Coffey,LAC,23,37,27,10,7.5,2.8,1.0,2.0,48.0,0.5,1.2,44.4,0.3,0.5,57.9,0.2,0.6,0.8,0.4,0.3,0.2,0.0,0.4,4.6,0,0,-1.1
429,Alfonzo McKinnie,LAL,28,32,19,13,6.2,2.8,1.1,2.1,51.5,0.4,0.9,41.4,0.3,0.5,52.9,0.4,0.9,1.3,0.2,0.1,0.1,0.0,0.6,4.9,0,0,-0.5
430,Matt Thomas,UTA,26,32,18,14,7.7,2.8,1.0,2.8,35.2,0.6,1.9,32.8,0.2,0.2,85.7,0.1,0.8,0.9,0.4,0.3,0.1,0.0,0.4,4.5,0,0,-0.8
431,Tremont Waters,BOS,23,15,8,7,7.5,2.7,0.8,2.4,33.3,0.4,1.1,35.3,0.7,0.8,91.7,0.2,0.5,0.7,2.3,0.9,0.5,0.0,0.4,7.7,0,0,-0.7
432,Josh Hall,OKC,20,13,1,12,12.6,2.7,0.7,3.2,21.4,0.2,1.4,11.1,1.2,2.1,55.6,0.1,1.8,1.9,1.4,1.2,0.0,0.0,1.5,5.9,0,0,-2.7
433,Paul Reed,PHI,21,16,9,7,6.8,2.7,1.3,2.8,47.7,0.0,0.4,0.0,0.1,0.3,25.0,0.9,0.9,1.8,0.4,0.4,0.3,0.4,1.0,7.2,0,0,1.6
434,Jabari Parker,SAC,26,3,0,3,9.1,2.7,1.3,2.3,57.1,0.0,0.3,0.0,0.0,0.0,0.0,0.3,1.7,2.0,0.3,1.0,0.0,0.3,1.3,5.6,0,0,-7.7
434,Tacko Fall,BOS,25,15,11,4,6.7,2.7,1.2,1.6,75.0,0.0,0.0,0.0,0.3,0.9,30.8,0.7,1.8,2.5,0.1,0.3,0.1,0.8,1.1,8.2,0,0,2.4
436,Sean McDermott,MEM,24,15,8,7,10.2,2.6,0.9,2.2,39.4,0.3,1.5,22.7,0.5,0.5,100,0.4,0.9,1.3,0.3,0.3,0.1,0.2,0.5,5.3,0,0,-4.0
437,KZ Okpala,MIA,21,26,15,11,12.5,2.6,1.0,2.5,40.9,0.4,1.4,29.7,0.1,0.2,33.3,0.6,1.3,1.9,0.4,0.5,0.2,0.3,1.7,6.7,0,0,-2.9
438,Chris Silva,SAC,24,13,7,6,6.7,2.5,0.8,1.2,66.7,0.1,0.1,100,0.8,1.2,73.3,0.5,1.5,2.0,0.5,0.8,0.1,0.4,1.6,6.2,0,0,0.2
439,Nicolo Melli,DAL,30,31,17,14,12.7,2.5,0.9,2.9,29.7,0.4,1.8,23.2,0.3,0.3,90.0,0.6,2.1,2.7,1.0,0.3,0.4,0.1,1.5,8.2,0,0,1.6
440,CJ Elleby,POR,20,21,11,10,7.3,2.4,0.9,2.3,38.8,0.3,1.3,22.2,0.3,0.5,63.6,0.4,0.7,1.0,0.2,0.1,0.3,0.1,1.0,5.1,0,0,0.4
441,Bol Bol,DEN,21,22,14,8,5.1,2.4,0.9,1.8,48.7,0.4,0.9,47.4,0.2,0.4,55.6,0.0,0.7,0.7,0.3,0.4,0.1,0.4,0.5,4.6,0,0,-2.4
442,Devontae Cacok,LAL,24,15,7,8,5.1,2.3,1.1,1.7,64.0,0.0,0.0,0.0,0.2,0.5,42.9,0.7,1.2,1.9,0.1,0.3,0.3,0.3,0.5,6.2,0,0,0.9
443,Killian Tillie,MEM,23,10,6,4,8.6,2.3,0.8,3.0,26.7,0.3,1.7,17.6,0.4,0.5,80.0,0.5,0.7,1.2,0.2,0.1,0.3,0.5,1.0,6.3,0,0,1.0
444,Elijah Hughes,UTA,23,11,9,2,3.6,2.3,0.7,1.7,42.1,0.5,1.3,42.9,0.3,0.4,75.0,0.0,0.6,0.6,0.4,0.5,0.1,0.1,0.0,3.7,0,0,-1.3
445,Ed Davis,MIN,31,20,4,16,13.7,2.3,0.9,2.2,41.9,0.0,0.0,0.0,0.5,0.5,90.0,2.3,3.1,5.4,1.0,0.3,0.6,0.6,2.5,13.5,0,0,-2.9
445,Josh Green,DAL,20,28,13,15,10.1,2.3,0.9,2.1,43.3,0.1,0.6,11.8,0.3,0.5,60.0,0.6,1.3,1.9,0.5,0.5,0.3,0.1,0.7,5.8,0,0,-0.2
447,Keita Bates-Diop,SAS,25,17,8,9,7.2,2.2,0.8,2.1,37.1,0.3,0.9,33.3,0.4,0.6,70.0,0.3,0.9,1.2,0.4,0.1,0.4,0.1,0.4,5.5,0,0,-2.5
448,Alen Smailagic,GSW,20,5,1,4,5.1,2.2,0.8,2.0,40.0,0.4,1.0,40.0,0.2,0.8,25.0,0.4,0.2,0.6,0.0,0.0,0.0,0.2,1.0,3.5,0,0,-4.4
449,Miye Oni,UTA,23,39,35,4,9.0,2.2,0.7,2.0,35.4,0.6,1.8,34.3,0.1,0.2,83.3,0.5,1.2,1.7,0.4,0.3,0.2,0.2,1.1,5.5,0,0,1.1
450,Jarrell Brantley,UTA,24,18,16,2,4.4,2.2,0.8,1.7,50.0,0.4,1.0,38.9,0.1,0.1,100,0.3,0.7,1.1,0.3,0.1,0.2,0.1,0.7,4.4,0,0,1.0
451,Cassius Winston,WAS,23,15,3,12,5.7,2.1,0.7,1.7,38.5,0.5,1.0,46.7,0.3,0.4,83.3,0.0,0.6,0.6,0.7,0.1,0.1,0.1,0.5,4.4,0,0,-3.0
452,Isaac Bonga,WAS,21,33,10,23,11.2,2.0,0.8,2.1,38.2,0.4,1.2,30.8,0.1,0.2,50.0,0.5,1.3,1.8,0.6,0.5,0.3,0.2,1.6,6.2,0,0,-1.2
453,Anthony Lamb,HOU,23,10,1,9,12.2,2.0,0.7,3.5,20.0,0.3,2.0,15.0,0.3,0.4,75.0,1.3,1.6,2.9,0.3,0.3,0.1,0.1,1.4,6.2,0,0,-4.3
453,Ersan Ilyasova,UTA,33,7,7,0,6.3,2.0,0.6,2.1,26.7,0.4,1.9,23.1,0.4,0.4,100,0.4,0.9,1.3,0.3,0.3,0.3,0.0,1.1,4.5,0,0,-0.6
453,Ray Spalding,HOU,24,2,0,2,9.4,2.0,1.0,2.0,50.0,0.0,0.5,0.0,0.0,1.0,0.0,1.0,1.0,2.0,0.0,1.5,0.0,1.0,1.5,5.9,0,0,-3.5
453,Rondae Hollis-Jefferson,POR,26,2,1,1,6.0,2.0,0.5,1.0,50.0,0.0,0.5,0.0,1.0,2.0,50.0,0.0,0.5,0.5,1.5,0.5,0.5,0.0,2.5,5.9,0,0,2.0
457,Rayjon Tucker,PHI,23,7,4,3,4.3,1.9,0.3,0.7,40.0,0.1,0.3,50.0,1.1,1.1,100,0.1,0.7,0.9,0.3,0.1,0.0,0.0,0.4,3.2,0,0,2.9
458,Justin James,SAC,24,25,9,16,6.0,1.8,0.7,1.7,42.9,0.2,0.7,29.4,0.2,0.5,41.7,0.1,0.3,0.4,0.6,0.2,0.1,0.0,0.4,3.5,0,0,-0.8
459,Kelan Martin,IND,25,19,8,11,5.1,1.8,0.7,1.8,38.2,0.3,0.8,31.3,0.2,0.2,100,0.2,0.8,1.1,0.2,0.3,0.3,0.1,0.5,4.2,0,0,1.6
460,Tre Jones,SAS,21,25,11,14,4.7,1.8,0.8,1.6,47.5,0.0,0.0,100,0.2,0.2,100,0.2,0.2,0.4,0.6,0.4,0.2,0.0,0.2,3.2,0,0,-1.7
461,Axel Toupane,MIL,28,8,2,6,7.7,1.8,0.5,1.4,36.4,0.1,0.3,50.0,0.6,0.9,71.4,0.0,0.8,0.8,0.5,0.0,0.3,0.4,0.8,5.3,0,0,-0.4
462,Norvel Pelle,NYK,28,6,3,3,5.9,1.7,0.5,1.3,37.5,0.0,0.0,0.0,0.7,1.0,66.7,0.7,1.2,1.8,0.2,0.5,0.0,0.8,1.7,6.1,0,0,-0.7
463,Robert Woodard II,SAC,21,11,3,8,2.6,1.6,0.6,1.3,50.0,0.1,0.4,25.0,0.3,0.7,37.5,0.3,0.7,1.0,0.0,0.1,0.0,0.2,0.2,3.3,0,0,0.9
464,Nate Darling,CHA,22,6,3,3,4.0,1.5,0.3,1.2,28.6,0.3,1.2,28.6,0.5,0.5,100,0.2,0.0,0.2,0.2,0.2,0.0,0.2,0.2,2.3,0,0,-4.7
464,Nate Hinton,DAL,21,14,6,8,3.4,1.5,0.6,1.4,40.0,0.1,0.4,16.7,0.3,0.4,66.7,0.1,0.3,0.4,0.3,0.3,0.3,0.1,0.2,3.1,0,0,-1.6
466,Adam Mokoka,CHI,22,9,2,7,5.2,1.4,0.7,1.7,40.0,0.1,0.9,12.5,0.0,0.0,0.0,0.1,0.3,0.4,0.4,0.2,0.2,0.1,0.6,3.4,0,0,-1.8
467,Vlatko Cancar,DEN,24,28,18,10,5.6,1.4,0.5,1.3,41.7,0.2,0.7,26.3,0.2,0.2,83.3,0.2,0.9,1.0,0.3,0.4,0.3,0.1,0.5,3.8,0,0,-2.3
468,Jahmi'us Ramsey,SAC,19,5,0,5,3.4,1.4,0.6,1.0,60.0,0.2,0.6,33.3,0.0,0.0,0.0,0.0,0.8,0.8,0.2,0.2,0.0,0.2,0.0,3.1,0,0,1.8
469,Bruno Fernando,ATL,22,26,16,10,6.8,1.4,0.5,1.1,42.9,0.0,0.1,0.0,0.5,0.7,66.7,0.5,2.0,2.5,0.3,0.7,0.1,0.1,0.8,4.7,0,0,-1.0
470,Devon Dotson,CHI,21,3,0,3,4.9,1.3,0.7,1.3,50.0,0.0,0.0,0.0,0.0,0.0,0.0,0.3,0.3,0.7,0.0,0.0,0.3,0.0,0.3,3.1,0,0,-0.7
470,Tim Frazier,MEM,30,3,3,0,10.8,1.3,0.7,2.7,25.0,0.0,0.7,0.0,0.0,0.0,0.0,0.0,1.3,1.3,2.3,1.0,0.3,0.0,1.3,6.4,0,0,2.0
472,Mfiondu Kabengele,CLE,23,25,18,7,4.5,1.3,0.4,1.4,30.6,0.2,0.8,23.8,0.2,0.2,83.3,0.0,0.7,0.8,0.2,0.3,0.2,0.1,0.9,3.1,0,0,-0.6
473,Deividas Sirvydis,DET,20,12,6,6,2.2,1.3,0.3,1.0,33.3,0.3,0.8,40.0,0.3,0.3,75.0,0.0,0.6,0.6,0.1,0.1,0.1,0.0,0.1,2.2,0,0,1.3
473,Jalen Lecque,IND,20,4,2,2,3.0,1.3,0.3,2.3,11.1,0.0,0.3,0.0,0.8,0.8,100,0.5,0.8,1.3,0.5,0.0,0.0,0.0,0.0,3.5,0,0,-1.0
475,Daniel Oturu,LAC,21,21,16,5,3.9,1.2,0.6,1.1,50.0,0.0,0.0,0.0,0.1,0.2,50.0,0.4,0.6,1.0,0.3,0.2,0.0,0.1,0.6,3.2,0,0,0.6
476,Sindarius Thornwell,NOP,26,14,7,7,5.2,1.2,0.5,1.5,33.3,0.2,0.6,33.3,0.0,0.1,0.0,0.1,0.3,0.4,0.3,0.3,0.4,0.1,0.2,3.1,0,0,0.9
477,Jalen Smith,PHX,21,19,14,5,4.3,1.2,0.5,1.4,37.0,0.1,0.5,20.0,0.1,0.2,33.3,0.3,0.6,0.8,0.1,0.3,0.0,0.1,0.5,2.4,0,0,-0.5
478,Andre Roberson,BKN,29,5,4,1,12.6,1.2,0.4,2.8,14.3,0.2,1.6,12.5,0.2,0.4,50.0,1.4,1.6,3.0,0.8,0.4,0.6,0.2,0.8,8.0,0,0,-3.8
478,Cristiano Felicio,CHI,28,10,2,8,4.5,1.2,0.3,0.4,75.0,0.0,0.0,0.0,0.6,1.0,60.0,0.6,0.7,1.3,0.5,0.3,0.2,0.0,0.3,3.8,0,0,0.1
480,Anthony Gill,WAS,28,17,4,13,5.4,1.2,0.4,1.2,35.0,0.1,0.7,16.7,0.2,0.3,80.0,0.5,1.1,1.6,0.2,0.2,0.2,0.1,0.6,4.3,0,0,-2.8
481,Marques Bolden,CLE,22,6,2,4,4.8,1.2,0.2,0.5,33.3,0.0,0.0,0.0,0.8,1.3,62.5,0.5,0.5,1.0,0.0,0.3,0.3,0.3,0.0,4.0,0,0,0.8
481,Rodions Kurucs,MIL,23,18,8,10,6.3,1.2,0.4,1.5,29.6,0.2,1.0,22.2,0.1,0.1,50.0,0.3,0.9,1.2,0.6,0.6,0.4,0.2,0.6,4.9,0,0,-0.4
483,Quinndary Weatherspoon,SAS,24,15,6,9,4.7,1.1,0.3,1.0,33.3,0.0,0.1,0.0,0.5,0.5,87.5,0.1,0.3,0.4,0.3,0.5,0.3,0.1,0.7,3.0,0,0,-3.5
484,Karim Mane,ORL,20,10,2,8,8.8,1.1,0.3,1.3,23.1,0.1,0.2,50.0,0.4,0.5,80.0,0.1,1.3,1.4,0.4,0.3,0.0,0.2,1.0,3.7,0,0,-2.2
485,Nick Richards,CHA,23,14,8,6,3.8,1.1,0.3,0.5,57.1,0.0,0.0,0.0,0.5,0.8,63.6,0.1,0.5,0.6,0.1,0.2,0.0,0.0,0.4,1.7,0,0,-1.2
486,Trent Forrest,UTA,22,15,12,3,5.8,1.1,0.5,1.1,43.8,0.0,0.2,0.0,0.1,0.1,100,0.0,0.5,0.5,1.2,0.5,0.3,0.1,0.3,4.0,0,0,-1.9
487,Markus Howard,DEN,22,25,15,10,3.3,1.0,0.4,1.7,23.3,0.2,1.2,16.7,0.0,0.1,50.0,0.0,0.3,0.3,0.4,0.2,0.1,0.0,0.5,2.0,0,0,-2.0
488,Cassius Stanley,IND,21,15,7,8,2.6,1.0,0.3,1.3,26.3,0.1,0.4,16.7,0.3,0.3,80.0,0.3,0.4,0.7,0.0,0.1,0.0,0.1,0.5,2.1,0,0,-0.4
488,Iman Shumpert,BKN,30,2,1,1,5.5,1.0,0.5,2.0,25.0,0.0,1.5,0.0,0.0,0.0,0.0,0.5,0.0,0.5,0.0,0.5,0.5,0.0,0.0,2.6,0,0,-0.5
488,Jontay Porter,MEM,21,5,3,2,3.8,1.0,0.4,1.4,28.6,0.2,1.0,20.0,0.0,0.0,0.0,0.4,1.4,1.8,0.2,1.0,0.4,0.0,1.2,3.7,0,0,-1.0
488,Patrick McCaw,TOR,25,5,2,3,6.7,1.0,0.2,0.2,100,0.0,0.0,0.0,0.6,0.6,100,0.2,0.4,0.6,0.8,0.0,0.4,0.0,1.2,4.1,0,0,-3.6
488,Shaquille Harrison,DEN,27,17,15,2,3.3,1.0,0.4,1.2,30.0,0.0,0.1,0.0,0.3,0.4,83.3,0.2,0.4,0.5,0.5,0.3,0.1,0.0,0.2,2.5,0,0,-3.2
488,Tyrell Terry,DAL,20,11,2,9,5.1,1.0,0.5,1.5,31.3,0.0,0.6,0.0,0.1,0.3,33.3,0.0,0.5,0.5,0.5,0.2,0.5,0.0,0.2,3.7,0,0,0.0
488,Udoka Azubuike,UTA,21,12,11,1,4.1,1.0,0.3,0.6,57.1,0.0,0.0,0.0,0.3,0.5,66.7,0.3,0.8,1.1,0.0,0.3,0.1,0.3,0.7,3.3,0,0,-5.2
495,Juwan Morgan,UTA,23,19,16,3,4.4,0.9,0.4,0.9,41.2,0.2,0.6,27.3,0.1,0.3,20.0,0.3,0.5,0.8,0.2,0.1,0.2,0.0,0.7,2.8,0,0,-2.5
496,Tyler Bey,DAL,23,11,6,5,3.5,0.9,0.4,1.1,33.3,0.0,0.1,0.0,0.2,0.4,50.0,0.5,0.7,1.2,0.1,0.0,0.0,0.1,0.4,2.7,0,0,-1.2
497,Vernon Carey Jr.,CHA,20,10,6,4,3.3,0.8,0.3,0.8,37.5,0.0,0.4,0.0,0.2,0.3,66.7,0.2,0.8,1.0,0.1,0.3,0.0,0.2,0.2,2.5,0,0,-2.5
497,Vincent Poirier,PHI,27,10,8,2,3.9,0.8,0.3,1.2,25.0,0.0,0.1,0.0,0.2,0.6,33.3,0.6,0.8,1.4,0.2,0.4,0.0,0.3,0.8,3.3,0,0,-1.6
499,Wenyen Gabriel,NOP,24,9,4,5,4.7,0.8,0.2,1.2,18.2,0.1,0.6,20.0,0.2,0.4,50.0,0.8,0.8,1.6,0.6,0.8,0.1,0.0,0.2,3.0,0,0,-0.3
500,Jalen Harris,TOR,22,4,2,2,3.5,0.8,0.3,1.0,25.0,0.3,0.5,50.0,0.0,0.0,0.0,0.3,0.5,0.8,0.5,0.3,0.3,0.0,0.5,2.9,0,0,1.8
500,Kostas Antetokounmpo,LAL,23,12,6,6,3.4,0.8,0.3,0.6,42.9,0.0,0.0,0.0,0.3,0.6,42.9,0.3,0.8,1.1,0.1,0.8,0.2,0.3,0.5,2.7,0,0,0.5
502,Cameron Reynolds,SAS,26,3,2,1,2.1,0.7,0.3,0.7,50.0,0.0,0.0,0.0,0.0,0.0,0.0,0.0,0.0,0.0,0.0,0.0,0.0,0.0,0.0,0.7,0,0,-1.3
502,Oshae Brissett,IND,22,3,1,2,1.8,0.7,0.3,0.7,50.0,0.0,0.3,0.0,0.0,0.0,0.0,0.0,0.7,0.7,0.0,0.0,0.3,0.0,0.0,2.5,0,0,1.0
504,Brian Bowen II,IND,22,5,1,4,2.3,0.6,0.2,0.6,33.3,0.0,0.0,0.0,0.2,0.2,100,0.0,0.4,0.4,0.0,0.0,0.0,0.0,0.2,1.1,0,0,-1.0
505,Jared Dudley,LAL,35,11,6,5,6.9,0.5,0.2,0.6,28.6,0.2,0.5,40.0,0.0,0.0,0.0,0.4,1.4,1.7,0.5,0.2,0.1,0.1,0.6,3.7,0,0,0.3
506,Jared Harper,NYK,23,4,3,1,2.3,0.5,0.0,0.5,0.0,0.0,0.0,0.0,0.5,0.5,100,0.0,0.0,0.0,0.0,0.5,0.0,0.0,0.0,0.0,0,0,-0.8
506,Ty-Shon Alexander,PHX,22,8,6,2,2.9,0.5,0.1,1.0,12.5,0.1,0.8,16.7,0.1,0.3,50.0,0.0,0.4,0.4,0.1,0.0,0.0,0.0,0.1,1.1,0,0,0.4
508,Ignas Brazdeikis,PHI,22,5,2,3,3.0,0.4,0.0,0.8,0.0,0.0,0.2,0.0,0.4,0.4,100,0.2,0.6,0.8,0.2,0.2,0.0,0.0,0.0,1.5,0,0,0.0
508,Keljin Blevins,POR,25,10,4,6,5.1,0.4,0.2,1.4,14.3,0.0,0.5,0.0,0.0,0.0,0.0,0.0,0.2,0.2,0.4,0.3,0.2,0.0,0.4,1.5,0,0,-1.0
510,Jaylen Adams,MIL,24,7,5,2,2.6,0.3,0.1,1.1,12.5,0.0,0.3,0.0,0.0,0.0,0.0,0.0,0.4,0.4,0.3,0.0,0.0,0.0,0.1,1.2,0,0,-1.7
511,Terrance Ferguson,PHI,22,13,10,3,3.8,0.2,0.1,0.5,14.3,0.0,0.4,0.0,0.0,0.0,0.0,0.0,0.1,0.1,0.2,0.3,0.1,0.0,0.5,0.4,0,0,-1.5
512,Theo Pinson,NYK,25,14,7,7,2.2,0.1,0.1,0.6,11.1,0.0,0.6,0.0,0.0,0.0,0.0,0.0,0.1,0.1,0.1,0.1,0.0,0.0,0.3,0.4,0,0,-1.4
513,Anzejs Pasecniks,WAS,25,1,1,0,6.3,0.0,0.0,1.0,0.0,0.0,1.0,0.0,0.0,0.0,0.0,1.0,0.0,1.0,1.0,5.0,0.0,0.0,2.0,-2.3,0,0,-13.0
513,Ashton Hagans,MIN,21,2,0,2,2.0,0.0,0.0,0.0,0.0,0.0,0.0,0.0,0.0,0.0,0.0,0.0,0.0,0.0,0.0,0.5,0.0,0.0,0.0,-0.5,0,0,-1.5
513,Gary Payton II,GSW,28,2,2,0,0.2,0.0,0.0,0.0,0.0,0.0,0.0,0.0,0.0,0.0,0.0,0.0,0.5,0.5,0.0,0.0,0.0,0.0,0.0,0.6,0,0,0.0
513,Grant Riller,CHA,24,2,1,1,3.9,0.0,0.0,1.0,0.0,0.0,0.5,0.0,0.0,0.0,0.0,0.0,0.0,0.0,0.5,0.0,0.0,0.0,0.0,0.8,0,0,-6.0
513,Greg Whittington,DEN,28,4,3,1,3.0,0.0,0.0,0.8,0.0,0.0,0.5,0.0,0.0,0.0,0.0,0.0,0.0,0.0,0.0,0.0,0.0,0.0,0.0,0.0,0,0,2.3
513,Malik Fitts,LAC,23,2,2,0,2.0,0.0,0.0,0.5,0.0,0.0,0.5,0.0,0.0,0.0,0.0,0.0,1.0,1.0,0.0,0.0,0.0,0.0,1.0,1.2,0,0,-2.0
513,Noah Vonleh,BKN,25,4,3,1,2.7,0.0,0.0,0.8,0.0,0.0,0.5,0.0,0.0,0.0,0.0,0.0,0.3,0.3,0.3,0.5,0.0,0.0,0.5,0.2,0,0,-4.0
513,Will Magnay,NOP,22,1,1,0,3.3,0.0,0.0,1.0,0.0,0.0,1.0,0.0,0.0,0.0,0.0,0.0,0.0,0.0,0.0,1.0,0.0,0.0,1.0,-1.0,0,0,-10.0